id,sex,age,education,job,salary,phone,marry,email,company,fired,value
Cust-10015,男,34,高中,普通工人,5至10万,151****0139,是,jaclyn12@adventure-works.com,3448 Sun View Terr.,否,高价值客户
Cust-10030,男,54,硕士及其以上,技术工人,10至20万,132****0174,是,mariah6@adventure-works.com,4924 Mariposa,否,低价值客户
Cust-10045,男,37,高中,普通工人,5至10万,185****0117,否,ebony4@adventure-works.com,4381 Amazonas,否,低价值客户
Cust-10060,女,60,初中及其以下,普通工人,5万以下,155****0164,是,brooke7@adventure-works.com,5720 A St.,是,低价值客户
Cust-10075,男,28,本科,公司白领,30万以上,145****0190,是,dalton18@adventure-works.com,1906 Seaview Avenue,否,一般价值客户
Cust-10090,女,36,高中,普通工人,5至10万,152****0117,否,linda31@adventure-works.com,265 Jeff Ct,否,一般价值客户
Cust-10105,女,27,大专,普通工人,10至20万,147****0188,否,ian57@adventure-works.com,1940 C Mt. Hood Circle,否,高价值客户
Cust-10120,女,40,大专,普通工人,5至10万,137****0151,否,jennifer92@adventure-works.com,8143 Creekridge Lane,否,一般价值客户
Cust-10135,女,40,本科,公司白领,20至30万,166****0173,否,jesse15@adventure-works.com,8811 The Trees Dr.,否,高价值客户
Cust-10150,女,48,大专,普通工人,10至20万,136****0190,是,jennifer52@adventure-works.com,2755 Fairfield Ave,否,一般价值客户
Cust-10165,女,19,高中,普通工人,5至10万,188****0142,是,orlando14@adventure-works.com,7031 Horseshoe Circle,否,低价值客户
Cust-10180,男,27,高中,普通工人,5至10万,186****0185,是,morgan29@adventure-works.com,6091 Bluefish Lane,否,高价值客户
Cust-10195,女,40,初中及其以下,普通工人,5万以下,180****0154,否,victoria20@adventure-works.com,5872 L St.,否,一般价值客户
Cust-10210,女,55,高中,普通工人,5至10万,138****0143,否,maurice4@adventure-works.com,2964 Mt. Washington,否,高价值客户
Cust-10225,女,39,高中,普通工人,5至10万,177****0131,是,dennis7@adventure-works.com,1433 Manila Avenue,否,一般价值客户
Cust-10240,女,52,初中及其以下,普通工人,10至20万,181****0131,否,lindsay3@adventure-works.com,6968 Hobby Court,否,低价值客户
Cust-10255,女,27,大专,普通工人,10至20万,180****0189,是,sebastian12@adventure-works.com,6837 Pirate Lane,否,低价值客户
Cust-10270,女,38,高中,普通工人,10至20万,176****0116,是,sarah40@adventure-works.com,7784 Mt. Etna,否,高价值客户
Cust-10285,女,32,大专,普通工人,10至20万,132****0148,否,lance14@adventure-works.com,8328 San Francisco,否,低价值客户
Cust-10300,男,25,本科,技术工人,20至30万,152****0145,否,adam10@adventure-works.com,5457 Woodcrest Dr.,否,一般价值客户
Cust-10315,女,64,高中,管理人员,5至10万,150****0171,否,jenny21@adventure-works.com,1613 Cotton Ct,是,一般价值客户
Cust-10330,男,36,高中,普通工人,10至20万,171****0156,是,carla24@adventure-works.com,3788 Concord Place,否,低价值客户
Cust-10345,男,65,初中及其以下,普通工人,10至20万,181****0124,是,hannah9@adventure-works.com,5800 Abbey Court,是,一般价值客户
Cust-10360,女,38,本科,技术工人,30万以上,166****0148,是,rachael1@adventure-works.com,4598 Manila Avenue,否,一般价值客户
Cust-10375,男,51,硕士及其以上,专业人员,20至30万,187****0122,是,george13@adventure-works.com,4332 Listing Ct,否,低价值客户
Cust-10390,男,62,硕士及其以上,管理人员,20至30万,183****0167,是,justin27@adventure-works.com,5485 Wee Donegal,是,一般价值客户
Cust-10405,女,57,硕士及其以上,技术工人,20至30万,188****0121,是,jillian15@adventure-works.com,1850 Lancelot Drive,是,一般价值客户
Cust-10420,女,39,本科,专业人员,20至30万,155****0129,是,latoya0@adventure-works.com,1064 Armstrong Rd.,否,低价值客户
Cust-10435,女,47,初中及其以下,普通工人,10至20万,152****0180,否,randall2@adventure-works.com,9431 College Blvd,否,一般价值客户
Cust-10450,男,26,高中,普通工人,5至10万,137****0163,否,melvin13@adventure-works.com,297 Mt. Tank Circle,否,一般价值客户
Cust-10465,女,47,本科,公司白领,20至30万,177****0113,否,deborah21@adventure-works.com,5539 Choctaw Court,否,低价值客户
Cust-10480,女,53,大专,管理人员,10至20万,152****0182,否,lauren35@adventure-works.com,71 Tobi Drive,否,一般价值客户
Cust-10495,女,62,本科,专业人员,20至30万,147****0192,否,zoe6@adventure-works.com,6030 Winter Drive,是,高价值客户
Cust-10510,男,42,本科,专业人员,20至30万,133****0156,是,jasmine32@adventure-works.com,7547 Payot Court,否,一般价值客户
Cust-10525,女,33,本科,管理人员,20至30万,130****0117,否,kristi39@adventure-works.com,5626 Mt. View Drive,否,高价值客户
Cust-10540,女,49,高中,普通工人,10至20万,133****0118,是,maurice20@adventure-works.com,2837 Hacienda Drive,否,高价值客户
Cust-10555,女,32,本科,专业人员,30万以上,186****0195,是,nicholas16@adventure-works.com,1102 Ravenwood,否,一般价值客户
Cust-10570,男,34,本科,公司白领,20至30万,189****0141,否,shawn19@adventure-works.com,6554 Sucamore Dr.,否,高价值客户
Cust-10585,男,39,本科,技术工人,30万以上,175****0185,是,nathaniel0@adventure-works.com,3774 Napa Court,否,一般价值客户
Cust-10600,男,53,初中及其以下,普通工人,10至20万,182****0197,是,richard30@adventure-works.com,9206 Listing Ct.,否,一般价值客户
Cust-10630,男,40,高中,普通工人,10至20万,189****0144,是,meagan11@adventure-works.com,3515 Sutton Circle,否,低价值客户
Cust-10645,男,21,高中,普通工人,5至10万,136****0134,是,terrance9@adventure-works.com,4638 Chestnut Ave,否,一般价值客户
Cust-10660,男,60,初中及其以下,普通工人,5万以下,175****0160,是,dorothy3@adventure-works.com,5972 Donegal Court,是,低价值客户
Cust-10675,女,43,高中,普通工人,5至10万,166****0190,是,theodore3@adventure-works.com,4392 Lakeview Pl.,否,低价值客户
Cust-10690,女,60,初中及其以下,管理人员,5万以下,186****0134,是,frederick14@adventure-works.com,1663 Park Glen Court,是,一般价值客户
Cust-10705,男,45,大专,普通工人,5至10万,185****0145,否,megan23@adventure-works.com,8358 Lightwood Drive,否,低价值客户
Cust-10720,女,27,本科,技术工人,20至30万,159****0155,是,jon46@adventure-works.com,8245 Highland Dr.,否,一般价值客户
Cust-10735,女,59,本科,专业人员,30万以上,182****0144,是,alex35@adventure-works.com,8681 Harvard Court,否,低价值客户
Cust-10750,男,36,初中及其以下,普通工人,5万以下,188****0127,否,julio1@adventure-works.com,8341 Ronda Ct.,否,低价值客户
Cust-10765,女,30,硕士及其以上,技术工人,30万以上,182****0143,是,mary40@adventure-works.com,2269 Mcelroy,否,低价值客户
Cust-10780,男,45,本科,技术工人,20至30万,136****0190,否,ian72@adventure-works.com,2665 Rosina Court,否,低价值客户
Cust-10795,女,56,高中,普通工人,5至10万,171****0193,否,grace62@adventure-works.com,6919 Tosca Way,是,高价值客户
Cust-10810,男,41,高中,普通工人,5至10万,175****0119,否,seth2@adventure-works.com,8989 Adelia Court,否,低价值客户
Cust-10825,男,51,本科,专业人员,20至30万,183****0163,否,brendan13@adventure-works.com,8772 Rock Creek Way,否,高价值客户
Cust-10840,男,43,本科,管理人员,20至30万,181****0187,否,megan44@adventure-works.com,7126 Edie Ct.,否,高价值客户
Cust-10855,男,46,初中及其以下,普通工人,5万以下,177****0111,否,elizabeth7@adventure-works.com,9484 Rhoda Way,否,一般价值客户
Cust-10870,男,50,本科,专业人员,20至30万,182****0186,否,morgan26@adventure-works.com,676 Yosemite Ct,否,高价值客户
Cust-10885,男,61,初中及其以下,普通工人,5至10万,145****0153,是,dalton84@adventure-works.com,4399 Mary Drive,是,高价值客户
Cust-10900,男,26,本科,公司白领,30万以上,132****0195,否,ryan39@adventure-works.com,4248 Semillon Circle,否,一般价值客户
Cust-10915,女,37,大专,普通工人,5至10万,132****0195,是,jennifer63@adventure-works.com,2062 Dos Encinas,否,高价值客户
Cust-10930,男,55,初中及其以下,普通工人,5万以下,149****0166,否,samuel19@adventure-works.com,2601 Cambridge Drive,否,高价值客户
Cust-10945,男,45,大专,普通工人,5万以下,188****0112,是,caleb4@adventure-works.com,5886 Book Rd,否,一般价值客户
Cust-10960,男,54,高中,普通工人,5至10万,139****0181,是,katrina19@adventure-works.com,1060 Mcelroy Court,否,一般价值客户
Cust-10975,男,44,本科,专业人员,20至30万,130****0191,是,candace15@adventure-works.com,5974 Sequoia Drive,否,高价值客户
Cust-10990,女,20,大专,普通工人,5至10万,158****0126,否,deanna33@adventure-works.com,563 Coggind Drive,否,一般价值客户
Cust-11005,男,38,高中,普通工人,10至20万,182****0118,是,blake60@adventure-works.com,4312 Wintergreen Court,否,一般价值客户
Cust-11020,男,39,高中,普通工人,5至10万,156****0178,否,morgan15@adventure-works.com,5566 Banyan Circle,否,低价值客户
Cust-11035,男,34,高中,普通工人,5至10万,157****0113,是,shaun21@adventure-works.com,9395 Aspect Dr,否,高价值客户
Cust-11050,男,23,初中及其以下,普通工人,5万以下,156****0178,是,jennifer88@adventure-works.com,9389 RaceCourt,否,高价值客户
Cust-11065,男,40,本科,公司白领,30万以上,199****0195,是,courtney14@adventure-works.com,1867 Royal Ann Lane,否,一般价值客户
Cust-11080,女,35,本科,专业人员,20至30万,181****0118,是,amy16@adventure-works.com,9274 Dayton Court,否,一般价值客户
Cust-11095,男,52,高中,普通工人,5至10万,158****0180,是,rafael27@adventure-works.com,1679 Via Doble,否,低价值客户
Cust-11110,女,44,高中,管理人员,5至10万,175****0150,是,aaron3@adventure-works.com,5870 Louisiana Dr.,否,一般价值客户
Cust-11125,男,69,高中,普通工人,5至10万,178****0130,是,johnny11@adventure-works.com,3488 Cook St.,是,一般价值客户
Cust-11140,女,66,本科,公司白领,20至30万,171****0186,否,donna9@adventure-works.com,7892 M Ln.,是,一般价值客户
Cust-11155,女,38,本科,专业人员,30万以上,172****0118,否,gabrielle63@adventure-works.com,1201 Olive Hill,否,一般价值客户
Cust-11170,女,29,大专,普通工人,10至20万,185****0195,否,elizabeth6@adventure-works.com,7906 Clayburn Road,否,一般价值客户
Cust-11185,女,63,高中,普通工人,10至20万,157****0117,是,kristina1@adventure-works.com,6524 Geriola Court,是,一般价值客户
Cust-11200,男,54,本科,技术工人,20至30万,145****0114,是,jerry20@adventure-works.com,7256 St. Paul Circle,否,一般价值客户
Cust-11215,男,72,高中,普通工人,5至10万,189****0120,否,adam34@adventure-works.com,9412 Alhambra Avenue,是,一般价值客户
Cust-11230,男,67,本科,管理人员,20至30万,155****0149,否,edwin39@adventure-works.com,3084 Cedar Point Loop,是,一般价值客户
Cust-11245,男,57,初中及其以下,普通工人,5至10万,147****0114,是,naomi7@adventure-works.com,2012 Melody Dr,否,一般价值客户
Cust-11260,男,58,高中,普通工人,10至20万,130****0195,是,jacqueline8@adventure-works.com,9531 Tri-state Ave,否,一般价值客户
Cust-11275,女,36,初中及其以下,普通工人,5万以下,156****0116,是,trevor18@adventure-works.com,6891 Ham Drive,否,一般价值客户
Cust-11290,女,50,初中及其以下,普通工人,5万以下,166****0165,是,kara20@adventure-works.com,6899 Pembroke Dr.,否,低价值客户
Cust-11320,女,33,高中,普通工人,5至10万,157****0172,否,edward28@adventure-works.com,457 Ryan Rd.,否,低价值客户
Cust-11335,女,44,高中,普通工人,5至10万,180****0142,是,tyrone15@adventure-works.com,1547 Larkwood Ct.,否,一般价值客户
Cust-11350,女,48,高中,普通工人,10至20万,186****0129,否,damien26@adventure-works.com,2187 S. Rising Ave,否,一般价值客户
Cust-11365,男,49,高中,普通工人,10至20万,186****0183,是,benjamin43@adventure-works.com,9982 Fawn Glen Circle,否,一般价值客户
Cust-11380,男,30,高中,普通工人,5至10万,199****0175,是,amy19@adventure-works.com,1907 Pinecrest Dr,否,一般价值客户
Cust-11395,女,47,大专,普通工人,5至10万,183****0171,是,diane19@adventure-works.com,5050 Mt. Diablo St.,否,一般价值客户
Cust-11410,男,37,高中,普通工人,5至10万,139****0176,否,amanda53@adventure-works.com,3187 Hackamore Lane,否,高价值客户
Cust-11425,女,53,初中及其以下,普通工人,5万以下,147****0111,是,chad13@adventure-works.com,1183 Royal Links Circle,否,一般价值客户
Cust-11440,女,52,初中及其以下,普通工人,10至20万,137****0119,是,jose20@adventure-works.com,5446 Via Estrella,否,高价值客户
Cust-11455,女,57,大专,普通工人,10至20万,133****0151,否,jessica56@adventure-works.com,3782 Fox Way,否,高价值客户
Cust-11470,男,67,初中及其以下,普通工人,5万以下,153****0184,是,rosa1@adventure-works.com,6478 Hastings Dr.,是,一般价值客户
Cust-11485,男,49,高中,普通工人,5至10万,150****0112,是,chase10@adventure-works.com,9192 Dublin Court,否,一般价值客户
Cust-11500,女,34,大专,普通工人,5至10万,131****0115,是,jada23@adventure-works.com,9467 Morning Glory Dr,否,一般价值客户
Cust-11515,男,35,高中,普通工人,10至20万,175****0147,否,kurt12@adventure-works.com,6671 Del Rey St.,否,一般价值客户
Cust-11530,男,24,初中及其以下,普通工人,5万以下,173****0115,否,casey6@adventure-works.com,6199 G St.,否,一般价值客户
Cust-11545,男,20,高中,普通工人,5至10万,133****0125,否,melody17@adventure-works.com,2236 Buena Vista Ave,否,一般价值客户
Cust-11560,男,34,高中,普通工人,10至20万,188****0119,是,justin10@adventure-works.com,6366 Dayton Court,否,高价值客户
Cust-11575,男,20,大专,普通工人,5至10万,139****0156,是,ruben30@adventure-works.com,6603 Jennifer Way,否,一般价值客户
Cust-11590,男,53,初中及其以下,普通工人,5万以下,180****0156,是,henry16@adventure-works.com,5038 Candy Rd,否,一般价值客户
Cust-11605,女,34,大专,普通工人,5至10万,188****0194,否,sebastian16@adventure-works.com,9903 East Leland,否,低价值客户
Cust-11620,女,43,本科,专业人员,20至30万,138****0182,否,marc6@adventure-works.com,9435 Breck Court,否,高价值客户
Cust-11635,男,38,大专,普通工人,5至10万,151****0110,是,geoffrey16@adventure-works.com,7585 Ida Drive,否,一般价值客户
Cust-11650,女,47,高中,普通工人,5至10万,166****0171,是,alyssa30@adventure-works.com,2038 Sundance Drive,否,一般价值客户
Cust-11665,女,27,本科,管理人员,20至30万,150****0171,否,mitchell7@adventure-works.com,5592 Byers Rd.,否,一般价值客户
Cust-11680,男,39,大专,普通工人,10至20万,150****0155,是,francisco19@adventure-works.com,4469 Rain Drop Circle,否,一般价值客户
Cust-11695,男,33,硕士及其以上,公司白领,10至20万,157****0148,是,gabrielle58@adventure-works.com,33 RiverRock Dr,否,一般价值客户
Cust-11710,男,68,大专,普通工人,10至20万,172****0195,否,sean41@adventure-works.com,2886 Chaparral Court,是,高价值客户
Cust-11725,男,45,高中,管理人员,5至10万,149****0179,否,kaylee35@adventure-works.com,3173 Darlene Drive,否,一般价值客户
Cust-11740,男,42,本科,专业人员,20至30万,173****0132,是,leah19@adventure-works.com,9850 Martindale,否,低价值客户
Cust-11755,女,22,本科,公司白领,20至30万,135****0140,否,jaime12@adventure-works.com,4867 Rosebuck Way,否,一般价值客户
Cust-11770,女,37,本科,专业人员,30万以上,133****0125,否,kurt9@adventure-works.com,4444 Buckingham Dr.,否,一般价值客户
Cust-11785,男,42,本科,管理人员,20至30万,157****0125,否,blake39@adventure-works.com,32 chaussée de Tournai,否,高价值客户
Cust-11800,男,24,初中及其以下,普通工人,5万以下,172****0143,否,eugene10@adventure-works.com,8470 Cliffside Drive,否,高价值客户
Cust-11815,女,63,高中,普通工人,5至10万,166****0127,是,edward43@adventure-works.com,4409 North Ranchford,是,一般价值客户
Cust-11830,男,34,高中,普通工人,5至10万,166****0136,是,christian44@adventure-works.com,7613 Orangewood Dr,否,高价值客户
Cust-11845,女,56,高中,普通工人,5至10万,151****0115,否,lucas7@adventure-works.com,6288 Relief Valley Ct.,否,高价值客户
Cust-11860,女,51,大专,普通工人,10至20万,186****0126,是,kyle15@adventure-works.com,5854 Onley Dr,否,一般价值客户
Cust-11875,女,42,初中及其以下,普通工人,10至20万,182****0189,否,micah1@adventure-works.com,1468 Napa St.,否,高价值客户
Cust-11890,女,21,高中,普通工人,10至20万,136****0110,是,leonard18@adventure-works.com,9474 Rose Street,否,高价值客户
Cust-11905,男,65,初中及其以下,普通工人,5万以下,131****0141,是,joanna13@adventure-works.com,6387 Tanager Road,是,一般价值客户
Cust-11920,女,57,本科,技术工人,20至30万,157****0184,否,larry14@adventure-works.com,9941 Clyde Street,否,低价值客户
Cust-11935,女,39,本科,技术工人,20至30万,139****0178,否,seth40@adventure-works.com,3393 Alpha Way,否,高价值客户
Cust-11950,女,27,大专,普通工人,10至20万,145****0154,是,casey7@adventure-works.com,2651 St. Francis Dr.,否,一般价值客户
Cust-11965,女,34,高中,普通工人,5至10万,137****0151,是,brooke3@adventure-works.com,7333 Landana St.,否,高价值客户
Cust-11980,男,64,高中,普通工人,5至10万,185****0115,否,alvin21@adventure-works.com,4051 Sun View Terrace,是,一般价值客户
Cust-11995,女,28,初中及其以下,普通工人,5至10万,155****0115,否,russell6@adventure-works.com,2253 Firestone Dr.,否,高价值客户
Cust-12010,男,41,大专,普通工人,5万以下,166****0191,否,madison22@adventure-works.com,8138 Brook Way,否,高价值客户
Cust-12025,男,37,大专,普通工人,5至10万,149****0181,否,dwayne9@adventure-works.com,3936 Diablo View Road,否,低价值客户
Cust-12040,男,57,高中,普通工人,5至10万,188****0139,是,brandy20@adventure-works.com,6905 Camino Ricardo,否,高价值客户
Cust-12055,男,56,本科,技术工人,20至30万,150****0123,否,latasha19@adventure-works.com,4983 Hilltop Road,否,一般价值客户
Cust-12070,男,48,本科,公司白领,30万以上,149****0158,否,cody5@adventure-works.com,4367 Citrus Ave.,否,一般价值客户
Cust-12085,男,23,大专,普通工人,10至20万,189****0126,是,zachary37@adventure-works.com,3986 Lunar Lane,否,一般价值客户
Cust-12100,男,41,本科,专业人员,20至30万,156****0130,否,mindy10@adventure-works.com,91 Kalima Place,否,高价值客户
Cust-12115,男,42,高中,普通工人,5至10万,175****0184,是,cameron48@adventure-works.com,7541 B Wildbrook Ct.,否,一般价值客户
Cust-12130,女,37,高中,普通工人,5至10万,176****0113,否,thomas71@adventure-works.com,5255 Corte Valencia,否,高价值客户
Cust-12145,女,59,高中,普通工人,5至10万,137****0161,否,clinton3@adventure-works.com,6992 Mt. Whitney Way,否,低价值客户
Cust-12160,女,40,大专,普通工人,5至10万,135****0192,是,lauren23@adventure-works.com,2713 Chinquapin Court,否,一般价值客户
Cust-12175,男,49,高中,普通工人,10至20万,186****0117,否,jaclyn22@adventure-works.com,2 rue Malar,否,一般价值客户
Cust-12190,男,57,高中,普通工人,5至10万,187****0174,是,sara43@adventure-works.com,3785 Treat Blvd.,否,一般价值客户
Cust-12205,男,52,初中及其以下,普通工人,10至20万,152****0181,是,haley38@adventure-works.com,1707 Piper Ridge Court,否,一般价值客户
Cust-12220,女,50,本科,技术工人,20至30万,130****0144,否,kelli21@adventure-works.com,6315 Olive Ave.,否,一般价值客户
Cust-12235,男,47,初中及其以下,普通工人,5万以下,175****0125,是,jamie20@adventure-works.com,6387 Balhan Dr.,否,一般价值客户
Cust-12250,男,33,大专,普通工人,10至20万,184****0177,否,andre16@adventure-works.com,1008 Lydia Lane,否,低价值客户
Cust-12265,女,35,初中及其以下,普通工人,10至20万,152****0132,否,caroline15@adventure-works.com,2678 Village Pl,否,一般价值客户
Cust-12280,男,55,初中及其以下,普通工人,5万以下,132****0131,否,jason39@adventure-works.com,6126 North Sixth Street,否,一般价值客户
Cust-12295,女,33,高中,普通工人,5至10万,155****0113,否,raymond21@adventure-works.com,3557 Harvard Court,否,高价值客户
Cust-12310,男,38,本科,技术工人,20至30万,133****0150,是,erika2@adventure-works.com,6432 Vista Way,否,一般价值客户
Cust-12325,女,60,初中及其以下,普通工人,5万以下,189****0183,是,latoya2@adventure-works.com,9145 Paso Del Rio Way,否,一般价值客户
Cust-12340,男,43,硕士及其以上,技术工人,10至20万,178****0189,否,jaclyn37@adventure-works.com,7357 Scramble Road,否,低价值客户
Cust-12355,女,50,本科,技术工人,20至30万,185****0164,是,eduardo21@adventure-works.com,8000 Crane Court,否,一般价值客户
Cust-12370,女,53,高中,普通工人,5至10万,199****0158,是,alexandria27@adventure-works.com,2627 Holiday Hills Drive,否,低价值客户
Cust-12385,男,57,初中及其以下,普通工人,5万以下,171****0100,是,ian76@adventure-works.com,9204 Lexington Road,否,高价值客户
Cust-12400,男,22,大专,普通工人,10至20万,186****0123,否,javier1@adventure-works.com,8267 Lavene Way,否,低价值客户
Cust-12415,男,58,高中,普通工人,5至10万,139****0164,否,kate18@adventure-works.com,8818 Gentrytown Dr.,否,低价值客户
Cust-12430,女,39,高中,普通工人,5至10万,150****0162,否,ryan43@adventure-works.com,9844 Green Tea Drive,否,低价值客户
Cust-12445,男,29,本科,管理人员,30万以上,155****0110,是,brittney12@adventure-works.com,4038 Elk Dr,否,一般价值客户
Cust-12460,男,34,大专,普通工人,5至10万,155****0130,是,david22@adventure-works.com,8786 Croyden Dr.,否,一般价值客户
Cust-12475,女,59,初中及其以下,普通工人,5至10万,159****0194,是,xavier87@adventure-works.com,2033 Woodbury Place,否,一般价值客户
Cust-12490,男,40,高中,普通工人,5至10万,198****0122,是,cesar12@adventure-works.com,7281 Running Springs Rd.,否,一般价值客户
Cust-12505,男,25,大专,普通工人,10至20万,187****0166,是,billy5@adventure-works.com,3330 Hawes Street,否,低价值客户
Cust-12520,女,29,大专,普通工人,5万以下,173****0155,否,lacey1@adventure-works.com,8085 Sunnyvale Avenue,否,低价值客户
Cust-12535,男,25,本科,公司白领,20至30万,176****0112,否,leah7@adventure-works.com,8387 E. Lane Rd.,否,一般价值客户
Cust-12565,男,44,高中,普通工人,5至10万,133****0119,是,jason40@adventure-works.com,8759 Arnold Dr.,否,一般价值客户
Cust-12580,女,43,本科,专业人员,20至30万,136****0168,是,ebony35@adventure-works.com,3168 Limewood Pl.,否,一般价值客户
Cust-12595,男,29,本科,公司白领,20至30万,180****0188,是,jackson51@adventure-works.com,3505 Bisca Y Court,否,低价值客户
Cust-12610,男,28,硕士及其以上,专业人员,20至30万,145****0137,否,antonio1@adventure-works.com,9882 Clay Rde,否,一般价值客户
Cust-12625,男,46,高中,普通工人,5至10万,158****0130,是,jerome7@adventure-works.com,600 Lake Place,否,一般价值客户
Cust-12640,男,33,本科,专业人员,20至30万,156****0137,是,nancy7@adventure-works.com,6075 Olive Hill,否,低价值客户
Cust-12655,女,24,高中,普通工人,5至10万,145****0110,是,taylor14@adventure-works.com,4906 Vine Hill Way,否,一般价值客户
Cust-12670,女,45,初中及其以下,普通工人,5万以下,186****0100,是,james41@adventure-works.com,3508 Canning Road,否,一般价值客户
Cust-12685,女,63,初中及其以下,普通工人,5至10万,183****0112,是,brian19@adventure-works.com,2947 Vine Lane,是,高价值客户
Cust-12700,女,50,硕士及其以上,技术工人,20至30万,153****0132,是,blake16@adventure-works.com,7720 Winterberry Ct,否,低价值客户
Cust-12715,男,70,大专,普通工人,5万以下,151****0132,否,frank26@adventure-works.com,4633 Jefferson Street,是,低价值客户
Cust-12730,女,38,大专,普通工人,10至20万,181****0175,是,cindy6@adventure-works.com,4190 Trujillo,否,一般价值客户
Cust-12745,男,52,大专,普通工人,5至10万,157****0165,是,natalie58@adventure-works.com,9665 Pamploma Ct.,否,一般价值客户
Cust-12760,女,31,初中及其以下,普通工人,5万以下,158****0191,否,jay49@adventure-works.com,9755 Glen Road,否,高价值客户
Cust-12775,男,36,硕士及其以上,公司白领,20至30万,175****0153,否,omar2@adventure-works.com,2680 Claudia Drive,否,高价值客户
Cust-12790,女,31,本科,技术工人,20至30万,175****0197,否,trinity9@adventure-works.com,1939 Meadow Glen Way,否,低价值客户
Cust-12805,男,42,初中及其以下,普通工人,5至10万,183****0157,否,sierra3@adventure-works.com,4277 La Cruz,否,一般价值客户
Cust-12820,女,33,本科,管理人员,20至30万,145****0146,否,christine4@adventure-works.com,6904 Sunset Way,否,高价值客户
Cust-12835,女,43,本科,公司白领,20至30万,188****0127,是,blake30@adventure-works.com,878 Megan Dr.,否,一般价值客户
Cust-12850,男,57,初中及其以下,普通工人,5万以下,157****0177,否,brett13@adventure-works.com,9171 Morello Ave,否,低价值客户
Cust-12865,男,34,本科,公司白领,20至30万,198****0154,是,ana7@adventure-works.com,1267 Scenic Drive,否,一般价值客户
Cust-12880,女,54,本科,管理人员,20至30万,153****0118,否,melvin5@adventure-works.com,2430 Santa Lucia,否,一般价值客户
Cust-12895,女,25,大专,普通工人,10至20万,183****0118,是,lucas46@adventure-works.com,2651 Ancona Ct.,否,高价值客户
Cust-12910,男,52,高中,普通工人,5至10万,150****0171,否,melanie27@adventure-works.com,6854 Muir Road,否,一般价值客户
Cust-12925,男,66,大专,普通工人,10至20万,173****0132,否,luke52@adventure-works.com,905 Johnson Road,是,高价值客户
Cust-12940,男,43,硕士及其以上,技术工人,20至30万,186****0132,是,jaclyn21@adventure-works.com,3394 Rock Drive,否,一般价值客户
Cust-12955,男,34,大专,普通工人,5万以下,157****0141,是,joel14@adventure-works.com,9089 San Jose Ave,否,高价值客户
Cust-12970,男,51,本科,专业人员,20至30万,183****0129,是,adrienne8@adventure-works.com,6299 Elmonte Drive,否,低价值客户
Cust-12985,女,26,大专,普通工人,5至10万,149****0168,否,angela17@adventure-works.com,8956 Birch Bark Road,否,高价值客户
Cust-13000,女,40,本科,专业人员,20至30万,147****0112,是,melvin12@adventure-works.com,4575 Pinehurst Court,否,一般价值客户
Cust-13015,男,50,高中,普通工人,5至10万,131****0120,否,katelyn1@adventure-works.com,3142 Broadway St.,否,低价值客户
Cust-13030,女,51,硕士及其以上,管理人员,30万以上,184****0198,是,jessie3@adventure-works.com,7614 Inez Ave,否,高价值客户
Cust-13045,男,34,本科,公司白领,20至30万,132****0111,是,ramon9@adventure-works.com,1626 Green Valley Road,否,低价值客户
Cust-13060,男,41,本科,技术工人,20至30万,166****0197,是,curtis9@adventure-works.com,9695 Notre Dame Avenue,否,高价值客户
Cust-13075,女,57,初中及其以下,普通工人,5万以下,150****0112,是,deb4@adventure-works.com,9005 Eagle Ct.,否,高价值客户
Cust-13090,女,35,本科,专业人员,20至30万,166****0130,是,angela34@adventure-works.com,2063 Trafalgar Circle,否,低价值客户
Cust-13105,女,24,大专,普通工人,10至20万,138****0129,是,reginald20@adventure-works.com,1811 Cashew Lane,否,一般价值客户
Cust-13120,女,31,高中,普通工人,5至10万,145****0167,否,alexandra11@adventure-works.com,8040 Erie Dr,否,一般价值客户
Cust-13135,女,22,本科,专业人员,30万以上,178****0152,是,billy8@adventure-works.com,9896 White Dr,否,低价值客户
Cust-13150,男,24,高中,普通工人,5至10万,147****0173,否,nathan55@adventure-works.com,1077 Laurel Drive,否,高价值客户
Cust-13165,女,57,初中及其以下,普通工人,5至10万,185****0186,是,hailey45@adventure-works.com,6984 Wardlow Lane,否,一般价值客户
Cust-13180,男,38,高中,普通工人,5至10万,178****0154,否,carly5@adventure-works.com,2973 Tanager Road,否,低价值客户
Cust-13195,男,40,高中,普通工人,5至10万,171****0120,是,grace2@adventure-works.com,2943 Eagle Peak Road,否,低价值客户
Cust-13210,女,39,本科,专业人员,20至30万,139****0128,否,cynthia9@adventure-works.com,3888 Pastime Drive,否,低价值客户
Cust-13225,男,43,大专,普通工人,5至10万,199****0199,否,alvin19@adventure-works.com,9663 Soto Street,否,高价值客户
Cust-13240,女,75,高中,普通工人,5至10万,198****0150,否,bailey22@adventure-works.com,9665 Pamploma Ct.,是,低价值客户
Cust-13255,女,42,高中,普通工人,5至10万,150****0192,是,aaron51@adventure-works.com,864 Wee Donegal,否,一般价值客户
Cust-13270,女,61,本科,技术工人,30万以上,198****0177,否,jan15@adventure-works.com,8335 West Hook Road,是,低价值客户
Cust-13285,男,27,高中,普通工人,5至10万,149****0167,否,angel30@adventure-works.com,8531 Bayter Court,否,一般价值客户
Cust-13300,男,34,本科,公司白领,20至30万,131****0120,是,michele39@adventure-works.com,2219 Dewing Avenue,否,高价值客户
Cust-13315,男,35,本科,公司白领,30万以上,132****0171,是,keith16@adventure-works.com,1566 Eagle Ct.,否,一般价值客户
Cust-13330,女,30,高中,普通工人,5至10万,175****0167,是,luke33@adventure-works.com,22 Fillet Ave.,否,一般价值客户
Cust-13345,女,60,本科,技术工人,20至30万,171****0193,否,edgar6@adventure-works.com,3817 Green Hill Rd.,否,一般价值客户
Cust-13360,男,55,初中及其以下,普通工人,5万以下,187****0111,是,eugene13@adventure-works.com,3597 Pine St.,否,高价值客户
Cust-13375,男,39,高中,普通工人,10至20万,137****0147,否,alexandra37@adventure-works.com,9111 Almondwood Drive,否,低价值客户
Cust-13390,男,33,初中及其以下,普通工人,5万以下,172****0156,是,caroline21@adventure-works.com,4180 Frisbie Court,否,一般价值客户
Cust-13405,男,36,本科,公司白领,30万以上,149****0178,是,julia38@adventure-works.com,7308 Star Tree Court,否,低价值客户
Cust-13420,女,30,高中,普通工人,10至20万,188****0135,否,elizabeth5@adventure-works.com,5740 Elderwood Dr,否,高价值客户
Cust-13435,男,24,高中,普通工人,5至10万,166****0148,是,gina1@adventure-works.com,5871 Matterhorn Court,否,一般价值客户
Cust-13450,女,31,大专,普通工人,5至10万,178****0185,是,luis24@adventure-works.com,3092 Gabriela,否,高价值客户
Cust-13465,女,71,高中,普通工人,5至10万,149****0142,否,alexandra30@adventure-works.com,4764 East Avenue,是,高价值客户
Cust-13480,女,39,本科,专业人员,20至30万,175****0158,否,molly18@adventure-works.com,5665 Myrtle Drive,否,一般价值客户
Cust-13495,女,47,本科,技术工人,20至30万,177****0170,否,denise10@adventure-works.com,3074 Ardith Drive,否,高价值客户
Cust-13510,男,33,本科,公司白领,20至30万,145****0169,否,sierra15@adventure-works.com,4861 66th Avenue,否,低价值客户
Cust-13525,女,35,大专,普通工人,5至10万,199****0114,否,abigail22@adventure-works.com,3450 Breck Court,否,一般价值客户
Cust-13540,男,37,硕士及其以上,专业人员,20至30万,185****0160,是,marc15@adventure-works.com,1052 Stanford Street,否,低价值客户
Cust-13555,女,30,大专,管理人员,5至10万,158****0199,否,jessie16@adventure-works.com,378 Canyon Road,否,一般价值客户
Cust-13570,女,28,高中,普通工人,5至10万,166****0140,是,seth42@adventure-works.com,7675 Marcia Drive,否,高价值客户
Cust-13585,男,37,高中,普通工人,10至20万,153****0170,是,chase5@adventure-works.com,2251 Temple Drive,否,一般价值客户
Cust-13600,女,24,高中,普通工人,5至10万,183****0100,否,carolyn30@adventure-works.com,3001 Mt. Etna,否,高价值客户
Cust-13615,女,37,初中及其以下,普通工人,5至10万,130****0113,否,wyatt32@adventure-works.com,7332 Saddlewood,否,高价值客户
Cust-13630,女,64,本科,技术工人,20至30万,185****0100,否,kathryn14@adventure-works.com,3149 Blue Circle,是,一般价值客户
Cust-13645,男,62,本科,专业人员,20至30万,145****0139,否,danny22@adventure-works.com,2300 Lillian Dr,是,一般价值客户
Cust-13660,女,28,初中及其以下,管理人员,5万以下,153****0132,否,blake7@adventure-works.com,8020 Charlotte Ave.,否,高价值客户
Cust-13675,女,26,高中,普通工人,10至20万,159****0145,是,stephanie11@adventure-works.com,1779 Rose Drive,否,高价值客户
Cust-13690,男,64,高中,普通工人,5至10万,155****0159,是,jarrod17@adventure-works.com,7527 Brook Way,是,一般价值客户
Cust-13705,女,59,大专,普通工人,10至20万,158****0146,否,clayton38@adventure-works.com,8258 N. Broadway,否,低价值客户
Cust-13720,女,35,初中及其以下,普通工人,5万以下,185****0134,否,samantha35@adventure-works.com,2206 Clear View Circle,否,高价值客户
Cust-13735,男,36,大专,普通工人,5万以下,166****0162,否,mackenzie29@adventure-works.com,4161 North Sixth Street,否,一般价值客户
Cust-13750,男,36,大专,普通工人,5至10万,188****0196,否,victoria66@adventure-works.com,1820 Adobe St,否,一般价值客户
Cust-13765,女,33,高中,普通工人,5至10万,184****0122,否,tanya10@adventure-works.com,5254 Daylight Place,否,一般价值客户
Cust-13780,女,62,高中,普通工人,10至20万,166****0118,否,sharon4@adventure-works.com,452 Rain Drop Circle,是,低价值客户
Cust-13795,男,40,硕士及其以上,技术工人,30万以上,198****0143,否,robin13@adventure-works.com,7960 Shadow Creek Dr.,否,一般价值客户
Cust-13810,女,23,本科,专业人员,20至30万,186****0117,是,evan45@adventure-works.com,2111 Freedom Court,否,一般价值客户
Cust-13825,女,47,初中及其以下,普通工人,10至20万,152****0135,是,lacey18@adventure-works.com,3854 Wildcat Circle,否,低价值客户
Cust-13840,女,49,初中及其以下,普通工人,5万以下,187****0162,否,edward62@adventure-works.com,2751 Fabian Way,否,一般价值客户
Cust-13855,女,76,本科,公司白领,20至30万,155****0119,否,bryant14@adventure-works.com,7081 Willow Pass Road,是,高价值客户
Cust-13870,男,34,大专,普通工人,10至20万,186****0111,否,deanna45@adventure-works.com,7661 S. Rosal Ave.,否,高价值客户
Cust-13885,女,28,初中及其以下,管理人员,5万以下,171****0120,是,angela41@adventure-works.com,9531 Tri-state Ave,否,高价值客户
Cust-13900,女,70,大专,普通工人,10至20万,156****0197,否,brandy6@adventure-works.com,5670 Bel Air Dr.,是,一般价值客户
Cust-13915,女,30,硕士及其以上,公司白领,30万以上,138****0117,是,ian27@adventure-works.com,3416 Cunha Ct,否,一般价值客户
Cust-13930,男,41,大专,普通工人,10至20万,147****0152,是,jose15@adventure-works.com,80 Mozden Lane,否,高价值客户
Cust-13945,女,31,本科,专业人员,20至30万,176****0133,是,devin16@adventure-works.com,6841 Monti Dr.,否,一般价值客户
Cust-13960,男,30,本科,技术工人,20至30万,139****0113,否,antonio13@adventure-works.com,3294 Buena Vista,否,低价值客户
Cust-13975,男,31,高中,普通工人,5至10万,172****0118,是,ross38@adventure-works.com,2922 Vista Way,否,高价值客户
Cust-13990,女,27,大专,普通工人,10至20万,137****0164,否,emily6@adventure-works.com,8782 Palisade Court,否,高价值客户
Cust-14005,男,33,高中,普通工人,10至20万,151****0165,否,jon28@adventure-works.com,7801 Foxhill Dr,否,高价值客户
Cust-14020,女,28,本科,专业人员,20至30万,183****0165,否,deanna44@adventure-works.com,1993 South Villa Way,否,一般价值客户
Cust-14035,女,35,高中,普通工人,5至10万,155****0158,是,calvin15@adventure-works.com,4823 Park Blvd.,否,一般价值客户
Cust-14050,女,30,初中及其以下,普通工人,5至10万,157****0114,是,carla14@adventure-works.com,4138 Pine Creek Way,否,一般价值客户
Cust-14065,男,52,本科,专业人员,30万以上,150****0159,是,colin30@adventure-works.com,7292 Preakness Court,否,低价值客户
Cust-14080,女,47,大专,普通工人,5万以下,175****0113,否,sara37@adventure-works.com,4357 Tosca Way,否,一般价值客户
Cust-14095,男,22,初中及其以下,普通工人,10至20万,137****0157,是,arturo21@adventure-works.com,9611 Hudson Ave,否,一般价值客户
Cust-14110,女,42,大专,普通工人,5万以下,150****0140,否,bianca3@adventure-works.com,2730 Dewing Lane,否,高价值客户
Cust-14125,男,51,大专,普通工人,10至20万,133****0143,否,alyssa11@adventure-works.com,6557 Jalalon Place,否,高价值客户
Cust-14140,女,29,硕士及其以上,技术工人,30万以上,176****0119,是,jonathan4@adventure-works.com,1899 Mayhew Way,否,高价值客户
Cust-14155,女,65,高中,普通工人,5至10万,152****0146,否,nicole4@adventure-works.com,6066 Laguna Street,是,低价值客户
Cust-14170,女,25,本科,技术工人,20至30万,181****0167,是,jenny11@adventure-works.com,8537 Partridge Dr.,否,一般价值客户
Cust-14185,女,29,高中,普通工人,5至10万,198****0140,否,abby13@adventure-works.com,8029 Golden Meadow Dr.,否,低价值客户
Cust-14200,男,30,大专,普通工人,5万以下,135****0160,否,curtis5@adventure-works.com,7065 Rock Creek Way,否,低价值客户
Cust-14215,男,36,初中及其以下,普通工人,10至20万,176****0142,否,lauren41@adventure-works.com,6672 Mt. Dias Blvd.,否,一般价值客户
Cust-14230,女,59,本科,技术工人,20至30万,166****0112,否,erica19@adventure-works.com,6594 Bent Tree Lane,否,低价值客户
Cust-14245,男,39,高中,普通工人,10至20万,156****0136,否,angelica7@adventure-works.com,4903 Lemonwood Drive,否,一般价值客户
Cust-14260,男,65,初中及其以下,普通工人,5万以下,139****0133,否,julia72@adventure-works.com,8980 Logan Court,是,一般价值客户
Cust-14275,男,45,大专,普通工人,5万以下,187****0176,否,meredith24@adventure-works.com,2444 North Ranchford,否,低价值客户
Cust-14290,男,45,高中,普通工人,5至10万,172****0149,是,megan12@adventure-works.com,9642 East L Street,否,高价值客户
Cust-14305,女,57,高中,普通工人,5至10万,138****0159,是,april8@adventure-works.com,7878 Delacy Ave.,否,一般价值客户
Cust-14320,男,41,本科,技术工人,20至30万,138****0100,是,julian13@adventure-works.com,69 Market Pl.,否,一般价值客户
Cust-14335,女,31,初中及其以下,普通工人,5至10万,166****0185,否,marco14@adventure-works.com,5376 Sahara Drive,否,一般价值客户
Cust-14350,男,31,初中及其以下,普通工人,10至20万,145****0163,否,emily1@adventure-works.com,8339 Auburn,否,高价值客户
Cust-14365,男,39,硕士及其以上,管理人员,30万以上,173****0198,否,joan7@adventure-works.com,9737 Boxwood Dr,否,一般价值客户
Cust-14380,女,28,高中,管理人员,5至10万,157****0129,是,isaac16@adventure-works.com,4361 Loftus Road,否,一般价值客户
Cust-14395,女,24,大专,普通工人,10至20万,130****0115,是,miguel24@adventure-works.com,3978 Spring Hill Dr.,否,低价值客户
Cust-14410,女,33,高中,普通工人,5至10万,188****0111,否,chloe28@adventure-works.com,1798 Westbury Dr.,否,高价值客户
Cust-14425,女,38,硕士及其以上,公司白领,30万以上,166****0115,否,angel24@adventure-works.com,9887 W. 39th Street,否,一般价值客户
Cust-14440,女,58,高中,普通工人,5至10万,173****0135,否,mya17@adventure-works.com,3764 Olive Hill,是,高价值客户
Cust-14455,男,35,本科,管理人员,30万以上,155****0123,否,alexandria9@adventure-works.com,4812 Kipling Court,否,一般价值客户
Cust-14470,女,61,硕士及其以上,管理人员,20至30万,188****0162,是,miguel32@adventure-works.com,249 Alexander Pl.,否,低价值客户
Cust-14485,女,37,初中及其以下,普通工人,5至10万,187****0126,是,larry16@adventure-works.com,5728 Benedict Ct.,否,低价值客户
Cust-14500,女,44,初中及其以下,普通工人,5万以下,186****0140,否,christine16@adventure-works.com,3479 Broadmoor Dr.,否,一般价值客户
Cust-14515,男,35,硕士及其以上,公司白领,20至30万,158****0133,是,felicia4@adventure-works.com,1691 Boxer Blvd.,否,低价值客户
Cust-14530,男,41,初中及其以下,普通工人,5至10万,166****0119,是,robert82@adventure-works.com,5253 Harris Court,否,高价值客户
Cust-14545,女,34,大专,普通工人,10至20万,138****0154,否,tina15@adventure-works.com,9068 Muir Road,否,低价值客户
Cust-14560,女,40,大专,普通工人,5万以下,159****0173,是,nicole32@adventure-works.com,9605 Pheasant Circle,否,一般价值客户
Cust-14575,男,43,初中及其以下,普通工人,5万以下,166****0143,否,julian12@adventure-works.com,7450 Olivera Rd,否,一般价值客户
Cust-14590,男,31,本科,技术工人,30万以上,184****0187,否,bianca7@adventure-works.com,7259 Brock Lane,否,高价值客户
Cust-14605,女,48,高中,普通工人,5至10万,130****0188,否,gabriella1@adventure-works.com,8547 Lyon Circle,否,一般价值客户
Cust-14620,女,35,本科,专业人员,30万以上,149****0151,否,nicholas6@adventure-works.com,7888 Stanford Street,否,低价值客户
Cust-14635,女,57,高中,普通工人,5至10万,181****0139,是,linda37@adventure-works.com,4911 Peachwillow Lane,否,高价值客户
Cust-14650,男,63,大专,普通工人,5万以下,131****0176,是,abigail50@adventure-works.com,5362 Ashley Way,是,低价值客户
Cust-14665,女,24,初中及其以下,普通工人,10至20万,133****0145,是,karla5@adventure-works.com,1145 Paraiso Ct.,否,一般价值客户
Cust-14680,男,33,高中,普通工人,5至10万,131****0113,否,anna46@adventure-works.com,7758 Morning Glory Dr.,否,高价值客户
Cust-14695,女,25,大专,普通工人,10至20万,159****0134,是,byron12@adventure-works.com,989 Crown Ct,否,一般价值客户
Cust-14710,男,54,本科,技术工人,20至30万,156****0186,是,marco17@adventure-works.com,339 Norcross Lane,否,一般价值客户
Cust-14725,女,34,大专,普通工人,10至20万,133****0197,是,beth13@adventure-works.com,1685 Greenbelt Way,否,低价值客户
Cust-14740,女,54,大专,普通工人,10至20万,139****0159,否,andrew24@adventure-works.com,2257 Gate Drive,否,一般价值客户
Cust-14755,女,65,本科,技术工人,20至30万,158****0131,否,faith36@adventure-works.com,3754 Olive Ave.,是,一般价值客户
Cust-14770,男,33,大专,普通工人,5至10万,151****0145,是,latoya9@adventure-works.com,2132 Virginia Lane,否,高价值客户
Cust-14800,女,39,大专,普通工人,10至20万,182****0112,否,jarrod9@adventure-works.com,8067 Sun View Terr.,否,一般价值客户
Cust-14815,男,34,初中及其以下,普通工人,5万以下,147****0118,是,jordan59@adventure-works.com,3061 Arcadia Pl.,否,低价值客户
Cust-14830,男,62,初中及其以下,普通工人,10至20万,133****0139,是,jose42@adventure-works.com,4240 El Campo Ct,是,高价值客户
Cust-14845,男,55,高中,普通工人,10至20万,182****0121,否,tanya2@adventure-works.com,402 Saxon St.,否,高价值客户
Cust-14860,男,52,本科,技术工人,20至30万,139****0191,是,morgan81@adventure-works.com,1019 Carletto Drive,否,一般价值客户
Cust-14875,女,30,本科,专业人员,20至30万,198****0156,否,jocelyn18@adventure-works.com,8682 Hungry Rd,否,低价值客户
Cust-14890,女,38,本科,专业人员,30万以上,131****0139,是,jared8@adventure-works.com,4555 Hackney Lane,否,低价值客户
Cust-14905,女,22,高中,普通工人,5万以下,166****0141,是,sean8@adventure-works.com,6928 Toyon Dr.,否,低价值客户
Cust-14920,女,46,高中,普通工人,5至10万,153****0148,否,jessica51@adventure-works.com,3431 Aspen Drive,否,低价值客户
Cust-14935,女,53,硕士及其以上,技术工人,20至30万,172****0183,是,jonathan54@adventure-works.com,4546 Vista Valley Rd,否,一般价值客户
Cust-14950,男,34,硕士及其以上,公司白领,20至30万,152****0196,否,sydney37@adventure-works.com,3350 Northridge Road,否,一般价值客户
Cust-14965,男,46,初中及其以下,普通工人,5万以下,135****0171,是,fernando47@adventure-works.com,6230 Blue Ridge,否,高价值客户
Cust-14980,女,27,大专,普通工人,5至10万,177****0156,是,evan2@adventure-works.com,412 Miller Dr.,否,低价值客户
Cust-14995,男,37,初中及其以下,普通工人,5万以下,176****0193,是,jaime41@adventure-works.com,8482 Rosey View Drive,否,高价值客户
Cust-15010,女,57,本科,管理人员,20至30万,147****0114,是,sydney40@adventure-works.com,4772 Ravenwood,否,低价值客户
Cust-15025,男,39,本科,专业人员,20至30万,172****0165,是,roger4@adventure-works.com,149 Valley Blvd.,否,一般价值客户
Cust-15040,男,45,初中及其以下,普通工人,5万以下,198****0199,否,theresa12@adventure-works.com,1092 Pinole Valley Rd.,否,一般价值客户
Cust-15055,女,46,初中及其以下,普通工人,5万以下,159****0176,否,sarah13@adventure-works.com,6414 Honey Court,否,高价值客户
Cust-15070,男,55,大专,普通工人,5万以下,147****0169,是,lucas22@adventure-works.com,1201 St. Francis St.,否,低价值客户
Cust-15085,男,70,高中,普通工人,10至20万,145****0128,是,eduardo60@adventure-works.com,5061 Athecton Circle,是,一般价值客户
Cust-15100,男,52,高中,普通工人,5至10万,178****0162,否,armando6@adventure-works.com,4800 Atchinson Stage Ct.,否,一般价值客户
Cust-15115,女,68,初中及其以下,普通工人,5万以下,173****0114,否,dawn7@adventure-works.com,206 Greenview Court,是,一般价值客户
Cust-15130,女,66,高中,普通工人,5至10万,149****0157,是,latasha7@adventure-works.com,1613 Santa Maria,是,一般价值客户
Cust-15145,女,41,初中及其以下,普通工人,5万以下,188****0146,是,terrence15@adventure-works.com,6374 St. Germain Lane,否,一般价值客户
Cust-15160,男,33,高中,普通工人,5至10万,181****0190,否,jennifer19@adventure-works.com,4480 Armstrong Rd.,否,一般价值客户
Cust-15175,女,32,本科,技术工人,20至30万,139****0132,否,jeremy29@adventure-works.com,2752 Northridge Road,否,一般价值客户
Cust-15190,男,48,高中,普通工人,10至20万,157****0185,是,katherine58@adventure-works.com,9737 Oak Creek Ct,否,一般价值客户
Cust-15205,男,46,高中,普通工人,5至10万,153****0122,否,oscar9@adventure-works.com,1457 Chelsea,否,高价值客户
Cust-15220,男,31,大专,普通工人,5至10万,198****0115,否,jimmy9@adventure-works.com,9662 Red Leaf,否,高价值客户
Cust-15235,男,69,高中,普通工人,10至20万,147****0144,否,jennifer6@adventure-works.com,2487 Riverside Drive,是,高价值客户
Cust-15250,男,47,大专,管理人员,5至10万,153****0123,否,abigail25@adventure-works.com,70 rue de Cambrai,否,一般价值客户
Cust-15265,女,36,高中,普通工人,5至10万,183****0172,否,levi6@adventure-works.com,3633 Stratton Circle,否,高价值客户
Cust-15280,女,24,初中及其以下,普通工人,5万以下,199****0135,否,melissa31@adventure-works.com,9860 Brookview Drive,否,一般价值客户
Cust-15295,男,21,大专,普通工人,5至10万,150****0172,是,willie40@adventure-works.com,7391 Leslie Avenue,否,高价值客户
Cust-15310,男,26,大专,普通工人,5至10万,171****0168,否,alfredo7@adventure-works.com,8992 E. 32nd St.,否,一般价值客户
Cust-15325,男,57,高中,普通工人,10至20万,139****0138,否,audrey19@adventure-works.com,8033 Danesta Dr.,是,一般价值客户
Cust-15340,女,48,本科,技术工人,30万以上,138****0145,否,karla6@adventure-works.com,5431 Bella Avenue,否,一般价值客户
Cust-15355,男,76,初中及其以下,普通工人,5至10万,159****0195,否,joshua23@adventure-works.com,4817 Gate Drive,是,一般价值客户
Cust-15370,男,29,本科,专业人员,30万以上,137****0116,否,stephanie19@adventure-works.com,4228 Creekside Drive,否,高价值客户
Cust-15385,女,43,大专,普通工人,10至20万,157****0140,是,beth8@adventure-works.com,24 Roslyn Drive,否,一般价值客户
Cust-15400,女,52,硕士及其以上,专业人员,10至20万,166****0172,否,christine10@adventure-works.com,342 San Simeon,否,低价值客户
Cust-15415,女,27,高中,普通工人,10至20万,173****0172,是,darren36@adventure-works.com,5974 Sequoia Drive,否,高价值客户
Cust-15430,女,33,硕士及其以上,技术工人,30万以上,198****0191,否,haley10@adventure-works.com,969 Stanley Dollar Dr.,否,一般价值客户
Cust-15445,女,50,高中,普通工人,10至20万,137****0100,是,raymond20@adventure-works.com,6992 Tara St.,否,一般价值客户
Cust-15460,男,44,本科,专业人员,30万以上,189****0190,是,stephanie54@adventure-works.com,6556 Gilly Lane,否,一般价值客户
Cust-15475,男,42,本科,公司白领,20至30万,166****0136,否,joe14@adventure-works.com,6898 Holiday Hills,否,低价值客户
Cust-15490,男,20,高中,普通工人,5至10万,181****0117,否,jon24@adventure-works.com,3648 El Dorado,否,高价值客户
Cust-15505,男,41,初中及其以下,普通工人,5万以下,198****0155,否,theresa13@adventure-works.com,197 Adobe Dr,否,一般价值客户
Cust-15520,男,23,大专,普通工人,5万以下,166****0171,是,lucas48@adventure-works.com,7644 Corte Segunda,否,一般价值客户
Cust-15535,女,32,本科,技术工人,20至30万,158****0178,是,virginia4@adventure-works.com,5428 Ameno Dr.,否,低价值客户
Cust-15550,女,32,本科,技术工人,20至30万,171****0116,是,ryan38@adventure-works.com,1349 Palm Ave.,否,低价值客户
Cust-15565,女,53,初中及其以下,普通工人,5至10万,189****0177,否,daniel23@adventure-works.com,166 Birchbark Place,否,一般价值客户
Cust-15580,男,27,高中,普通工人,10至20万,149****0133,是,david55@adventure-works.com,8991 Olivera,否,一般价值客户
Cust-15595,女,53,本科,公司白领,20至30万,173****0175,否,ariana4@adventure-works.com,9295 Arcadia Pl,否,一般价值客户
Cust-15610,女,45,初中及其以下,普通工人,5至10万,173****0169,否,terrence16@adventure-works.com,9105 Jacobsen Street,否,高价值客户
Cust-15625,女,26,本科,公司白领,20至30万,187****0124,是,todd14@adventure-works.com,9800 St. George Dr,否,高价值客户
Cust-15640,女,44,高中,普通工人,5至10万,151****0119,否,edgar15@adventure-works.com,26 Amador Ct.,否,一般价值客户
Cust-15655,女,58,初中及其以下,普通工人,5万以下,184****0160,是,jennifer15@adventure-works.com,7822 Mt. Tooth Place,否,高价值客户
Cust-15670,男,37,本科,公司白领,30万以上,186****0161,是,clayton34@adventure-works.com,1206 Olive St,否,低价值客户
Cust-15685,女,33,本科,公司白领,20至30万,166****0141,否,destiny7@adventure-works.com,3682 Jeff Ct.,否,高价值客户
Cust-15700,男,45,本科,公司白领,20至30万,189****0151,是,janet18@adventure-works.com,5778 Mt Tri-state Court,否,一般价值客户
Cust-15715,男,30,本科,管理人员,30万以上,172****0187,否,devin69@adventure-works.com,5698 Elmonte Drive,否,一般价值客户
Cust-15730,女,40,初中及其以下,普通工人,5万以下,185****0198,否,alyssa37@adventure-works.com,9387 Oak Brook Place,否,高价值客户
Cust-15745,女,59,初中及其以下,普通工人,5至10万,157****0114,否,evan8@adventure-works.com,2934 Pine Creek Way,是,一般价值客户
Cust-15760,女,74,初中及其以下,普通工人,5万以下,155****0111,是,megan27@adventure-works.com,6115 Glenside Court,是,一般价值客户
Cust-15775,男,29,高中,普通工人,5至10万,145****0153,是,stephanie52@adventure-works.com,5973 Willow Pass Road,否,高价值客户
Cust-15790,女,38,本科,技术工人,20至30万,187****0164,否,aidan4@adventure-works.com,6745 Blue Ridge Drive,否,高价值客户
Cust-15805,女,61,初中及其以下,普通工人,5万以下,178****0140,是,timothy34@adventure-works.com,3802 Glenmount Dr.,是,一般价值客户
Cust-15820,男,45,高中,普通工人,5至10万,153****0132,否,luke24@adventure-works.com,5010 C Mt. Hood Circle,否,一般价值客户
Cust-15835,女,38,高中,普通工人,5至10万,173****0129,否,jessie6@adventure-works.com,7290 Mt. Hood Circle,否,低价值客户
Cust-15850,男,25,初中及其以下,普通工人,10至20万,133****0151,否,alicia3@adventure-works.com,287 Firestone Drive,否,一般价值客户
Cust-15865,女,51,本科,管理人员,30万以上,158****0185,否,jaclyn40@adventure-works.com,4970 B Way,否,低价值客户
Cust-15880,男,62,高中,普通工人,5至10万,132****0147,否,devin63@adventure-works.com,3588 Green Valley Road,是,一般价值客户
Cust-15895,女,32,本科,专业人员,20至30万,199****0113,是,juan16@adventure-works.com,7600 Yosemite Circle,否,一般价值客户
Cust-15910,男,55,大专,普通工人,5万以下,177****0122,否,sarah42@adventure-works.com,6498 Pasa Del Rio,否,一般价值客户
Cust-15925,男,55,硕士及其以上,管理人员,10至20万,147****0190,是,marshall0@adventure-works.com,6478 Fenway,否,低价值客户
Cust-15940,女,52,初中及其以下,普通工人,5万以下,178****0125,是,ryan27@adventure-works.com,9650 Leisure Lane,否,高价值客户
Cust-15955,女,26,大专,普通工人,10至20万,145****0148,否,melody8@adventure-works.com,9326 Mayda Way,否,高价值客户
Cust-15970,女,40,本科,管理人员,20至30万,136****0118,是,jessica26@adventure-works.com,5785 Lislin Ct.,否,低价值客户
Cust-15985,男,67,初中及其以下,普通工人,5万以下,149****0150,是,elizabeth9@adventure-works.com,1526 Courthouse Drive,是,一般价值客户
Cust-16000,女,21,初中及其以下,普通工人,5万以下,172****0144,是,sergio4@adventure-works.com,1832 Preston Ct.,否,低价值客户
Cust-16015,女,39,大专,普通工人,5至10万,166****0113,否,desiree9@adventure-works.com,6159 Argonne Drive,否,高价值客户
Cust-16030,男,53,本科,技术工人,30万以上,189****0140,否,alexis45@adventure-works.com,6928 Woodland Drive,否,低价值客户
Cust-16045,女,39,本科,技术工人,20至30万,188****0141,是,julia17@adventure-works.com,4259 Fenway,否,低价值客户
Cust-16060,女,35,本科,公司白领,20至30万,156****0180,是,ernest7@adventure-works.com,6136 North 68th St,否,一般价值客户
Cust-16075,男,62,初中及其以下,管理人员,5万以下,135****0188,否,aaron30@adventure-works.com,3644 Rosarita,是,一般价值客户
Cust-16090,男,39,本科,专业人员,20至30万,153****0166,否,andy9@adventure-works.com,5637 Teak Court,否,低价值客户
Cust-16105,男,31,本科,技术工人,20至30万,156****0132,是,darryl6@adventure-works.com,8168 Landover Lane,否,一般价值客户
Cust-16120,男,30,高中,普通工人,5至10万,189****0143,否,austin14@adventure-works.com,138 Lancelot Dr.,否,一般价值客户
Cust-16135,女,54,本科,技术工人,20至30万,185****0189,否,lacey32@adventure-works.com,7179 Golden Rain,否,一般价值客户
Cust-16150,女,51,本科,专业人员,20至30万,166****0185,否,natalie71@adventure-works.com,4861 Doncaster Dr.,否,低价值客户
Cust-16165,男,27,大专,管理人员,10至20万,176****0150,否,aimee13@adventure-works.com,5288 York Dr.,否,高价值客户
Cust-16180,女,28,高中,普通工人,5至10万,150****0118,是,jaime48@adventure-works.com,8342 Mt. Trinity Court,否,高价值客户
Cust-16195,女,63,高中,普通工人,5至10万,152****0132,是,jessie36@adventure-works.com,8934 Lacanda,是,低价值客户
Cust-16210,男,29,高中,普通工人,10至20万,185****0124,是,melinda9@adventure-works.com,1040 Greenbush Drive,否,高价值客户
Cust-16225,女,45,高中,普通工人,5至10万,159****0199,否,garrett9@adventure-works.com,651 Melody Dr.,否,低价值客户
Cust-16240,女,42,大专,普通工人,5至10万,171****0117,是,olivia40@adventure-works.com,6049 Flora Ave,否,一般价值客户
Cust-16255,男,29,本科,专业人员,20至30万,135****0161,是,natalie5@adventure-works.com,1164 Glenview Drive,否,一般价值客户
Cust-16270,男,36,大专,普通工人,10至20万,199****0170,否,jeremy2@adventure-works.com,6103 Bailey Road,否,一般价值客户
Cust-16285,女,57,高中,普通工人,5至10万,186****0189,是,lauren51@adventure-works.com,8193 Pine Creek Way,否,一般价值客户
Cust-16300,女,59,初中及其以下,普通工人,5万以下,151****0122,否,spencer22@adventure-works.com,5649 East 39th Street,否,高价值客户
Cust-16315,女,28,高中,普通工人,5至10万,147****0176,否,megan25@adventure-works.com,6994 Walnut Ave,否,一般价值客户
Cust-16330,男,35,硕士及其以上,技术工人,30万以上,159****0181,否,mason25@adventure-works.com,6832 Fruitwood Dr,否,一般价值客户
Cust-16345,女,33,大专,普通工人,5至10万,176****0134,否,morgan19@adventure-works.com,9391 80th St,否,一般价值客户
Cust-16360,女,56,本科,管理人员,30万以上,199****0120,是,julian20@adventure-works.com,2208 Mauna Kea Court,否,一般价值客户
Cust-16375,女,63,硕士及其以上,专业人员,20至30万,156****0128,是,faith9@adventure-works.com,9421 Thissen Court,是,一般价值客户
Cust-16390,女,40,本科,管理人员,20至30万,185****0154,是,kaylee18@adventure-works.com,9328 Attic Rd,否,一般价值客户
Cust-16405,女,30,初中及其以下,普通工人,5万以下,184****0136,否,dennis8@adventure-works.com,1848 Wharf Dr.,否,一般价值客户
Cust-16420,女,23,大专,普通工人,10至20万,152****0110,是,louis23@adventure-works.com,1318 Lasalle Street,否,低价值客户
Cust-16435,男,23,高中,普通工人,5至10万,136****0185,否,megan55@adventure-works.com,5435 Jacobsen Street,否,高价值客户
Cust-16450,女,23,高中,普通工人,5至10万,199****0180,否,jordan45@adventure-works.com,7655 Greer Ave,否,一般价值客户
Cust-16465,男,20,高中,普通工人,5至10万,177****0175,是,meredith34@adventure-works.com,4215 Arleda Lane,否,高价值客户
Cust-16480,男,57,大专,普通工人,5至10万,180****0156,是,sarah5@adventure-works.com,4860 Charlotte Court,否,低价值客户
Cust-16495,女,48,初中及其以下,普通工人,5万以下,156****0100,否,roger41@adventure-works.com,8514 Bounty Way,否,低价值客户
Cust-16510,男,33,硕士及其以上,公司白领,30万以上,159****0114,否,xavier26@adventure-works.com,2614 Sandiago Drive,否,一般价值客户
Cust-16525,女,40,高中,管理人员,5至10万,132****0199,否,jimmy14@adventure-works.com,4487 San Miguel Court,否,高价值客户
Cust-16540,女,36,本科,技术工人,20至30万,171****0159,否,olivia4@adventure-works.com,7511 Azores Circle,否,高价值客户
Cust-16555,女,68,高中,普通工人,5至10万,166****0156,是,leah16@adventure-works.com,4763 Palisade Court,是,一般价值客户
Cust-16570,男,54,高中,普通工人,5至10万,158****0191,是,edgar21@adventure-works.com,5149 Thissen Court,否,高价值客户
Cust-16585,女,47,高中,普通工人,5至10万,176****0133,是,ashlee11@adventure-works.com,8069 Vine Hill Way,否,高价值客户
Cust-16600,女,54,初中及其以下,管理人员,5万以下,177****0193,否,edward59@adventure-works.com,6179 Mt. Hamilton Dr.,否,一般价值客户
Cust-16615,女,42,本科,专业人员,20至30万,180****0186,是,chase3@adventure-works.com,8141 Mitchell Canyon Road,否,一般价值客户
Cust-16630,男,22,本科,技术工人,20至30万,182****0190,否,anna41@adventure-works.com,9199 Park Glenn,否,低价值客户
Cust-16645,男,42,高中,普通工人,5至10万,159****0128,否,ariana17@adventure-works.com,8246 Via Del Sol,否,一般价值客户
Cust-16660,男,35,高中,普通工人,5至10万,171****0142,否,mya13@adventure-works.com,844 Sol Street,否,一般价值客户
Cust-16675,男,44,大专,管理人员,5至10万,172****0132,是,angela23@adventure-works.com,7062 Starflower Drive,否,一般价值客户
Cust-16690,女,58,初中及其以下,普通工人,10至20万,133****0182,是,donald4@adventure-works.com,7938 Blue Ridge,否,高价值客户
Cust-16705,男,39,高中,普通工人,5至10万,182****0117,是,kaylee31@adventure-works.com,6161 Teakwood Dr.,否,一般价值客户
Cust-16720,女,48,大专,普通工人,5万以下,130****0196,是,kaylee39@adventure-works.com,667 Miller Dr.,否,一般价值客户
Cust-16735,男,42,硕士及其以上,管理人员,10至20万,149****0129,是,jenna19@adventure-works.com,6697 Ridge Park Drive,否,低价值客户
Cust-16750,男,40,本科,管理人员,20至30万,184****0171,否,maria47@adventure-works.com,7549 Longview Rd.,否,高价值客户
Cust-16765,女,33,大专,普通工人,10至20万,173****0167,否,todd5@adventure-works.com,5515 West Bouncing Rd,否,一般价值客户
Cust-16780,女,24,高中,普通工人,5至10万,183****0161,是,corey16@adventure-works.com,7761 Azoras Cir,否,高价值客户
Cust-16795,男,38,高中,普通工人,5至10万,176****0114,是,andre20@adventure-works.com,329 Poplar Street,否,低价值客户
Cust-16810,女,31,高中,普通工人,5至10万,135****0114,是,jonathan43@adventure-works.com,1328 Huntleigh Dr.,否,一般价值客户
Cust-16825,女,59,本科,管理人员,20至30万,131****0113,是,erik4@adventure-works.com,5854 Eagle Way,否,一般价值客户
Cust-16840,男,31,大专,普通工人,5万以下,183****0166,是,sydney15@adventure-works.com,7655 Greer Ave,否,低价值客户
Cust-16855,男,35,本科,公司白领,20至30万,180****0198,否,kyle11@adventure-works.com,5271 St. George Court,否,一般价值客户
Cust-16870,男,76,大专,普通工人,5至10万,189****0117,否,jose23@adventure-works.com,4719 Delaware Drive,是,低价值客户
Cust-16885,男,26,大专,普通工人,10至20万,157****0175,否,charles9@adventure-works.com,911 Nicholas Drive,否,低价值客户
Cust-16900,男,33,硕士及其以上,管理人员,20至30万,133****0118,否,cindy2@adventure-works.com,6912 Old Oak Drive,否,一般价值客户
Cust-16915,女,33,大专,普通工人,10至20万,175****0110,否,jordan73@adventure-works.com,5484 Cornwall Court,否,一般价值客户
Cust-16930,男,55,高中,普通工人,10至20万,184****0198,否,candace14@adventure-works.com,4690 Goen Road,否,高价值客户
Cust-16945,男,23,高中,普通工人,10至20万,156****0110,否,victoria24@adventure-works.com,4058 First Ave,否,一般价值客户
Cust-16960,女,53,初中及其以下,普通工人,5至10万,138****0170,否,aimee17@adventure-works.com,5022 Euclid Ave.,否,低价值客户
Cust-16975,男,48,初中及其以下,普通工人,5万以下,136****0147,是,carol5@adventure-works.com,5925 Rain Drop Circle,否,高价值客户
Cust-16990,女,27,本科,技术工人,20至30万,181****0133,是,katelyn35@adventure-works.com,8346 Niagara Court,否,一般价值客户
Cust-17005,男,55,初中及其以下,普通工人,10至20万,137****0132,否,peter21@adventure-works.com,5846 Premier Place,否,一般价值客户
Cust-17020,男,43,本科,管理人员,20至30万,182****0110,否,julian5@adventure-works.com,2578 Welle Road,否,一般价值客户
Cust-17035,男,33,大专,普通工人,10至20万,181****0130,否,randy24@adventure-works.com,674 Woodchuck Pl.,否,低价值客户
Cust-17050,女,32,本科,公司白领,20至30万,184****0167,否,caleb40@adventure-works.com,51 rue Henri Gagnon,否,高价值客户
Cust-17065,男,55,初中及其以下,普通工人,5至10万,149****0138,是,antonio10@adventure-works.com,6124 Clay Road,否,低价值客户
Cust-17080,女,33,初中及其以下,管理人员,5万以下,188****0147,否,rafael20@adventure-works.com,9372 Colfax Street,否,高价值客户
Cust-17095,女,31,高中,普通工人,5至10万,132****0132,是,meredith8@adventure-works.com,5185 Relis Valley Road,否,一般价值客户
Cust-17110,女,25,高中,普通工人,5至10万,155****0188,否,blake9@adventure-works.com,404 Sunshine,否,高价值客户
Cust-17125,男,49,高中,普通工人,5至10万,152****0186,是,frederick12@adventure-works.com,5033 N. 8th St.,否,高价值客户
Cust-17140,男,24,本科,技术工人,20至30万,152****0166,是,bethany19@adventure-works.com,8955 Tice Valley Blvd.,否,高价值客户
Cust-17155,女,29,高中,普通工人,5至10万,138****0141,否,eddie21@adventure-works.com,2110 Elm St.,否,一般价值客户
Cust-17170,女,42,大专,普通工人,5至10万,184****0117,是,isaiah6@adventure-works.com,318 Liana Lane,否,一般价值客户
Cust-17185,女,33,初中及其以下,普通工人,5万以下,166****0173,否,taylor63@adventure-works.com,6620 Leonard Ct.,否,一般价值客户
Cust-17200,女,30,初中及其以下,管理人员,5万以下,158****0157,否,dustin1@adventure-works.com,6044 Gloria Terr.,否,高价值客户
Cust-17215,女,27,大专,普通工人,5万以下,136****0156,否,eduardo55@adventure-works.com,2269 Bynum Way,否,一般价值客户
Cust-17230,女,26,大专,普通工人,10至20万,149****0124,否,jason46@adventure-works.com,5291 Juliet Court,否,高价值客户
Cust-17245,男,21,大专,普通工人,5万以下,177****0134,否,alejandro8@adventure-works.com,6949 Miguel Dr.,否,低价值客户
Cust-17260,男,39,大专,普通工人,5至10万,180****0149,否,randy14@adventure-works.com,3654 Alaska Dr.,否,一般价值客户
Cust-17275,男,37,大专,普通工人,5万以下,188****0177,是,jonathon16@adventure-works.com,3153 Glaze Ct,否,一般价值客户
Cust-17290,男,44,大专,普通工人,5至10万,184****0146,是,taylor13@adventure-works.com,5271 Sierra Road,否,一般价值客户
Cust-17305,女,38,初中及其以下,普通工人,5万以下,150****0133,否,antonio8@adventure-works.com,341 Victory Lane,否,一般价值客户
Cust-17320,男,42,本科,专业人员,20至30万,147****0186,否,laura14@adventure-works.com,7176 A St.,否,一般价值客户
Cust-17335,女,35,初中及其以下,普通工人,10至20万,175****0119,否,jermaine15@adventure-works.com,5281 Miller Avenue,否,一般价值客户
Cust-17350,女,36,高中,普通工人,5至10万,155****0167,否,trisha0@adventure-works.com,8184 N. Spoonwood Court,否,低价值客户
Cust-17365,男,27,本科,公司白领,20至30万,178****0110,否,blake47@adventure-works.com,6290 Chinquapin Court,否,低价值客户
Cust-17380,女,56,高中,普通工人,5至10万,137****0117,否,ariana19@adventure-works.com,6133 Kenston Dr.,否,一般价值客户
Cust-17395,女,59,高中,普通工人,5至10万,187****0128,否,deanna24@adventure-works.com,5581 Stanford Street,否,一般价值客户
Cust-17410,女,64,高中,普通工人,5至10万,178****0131,否,sydney26@adventure-works.com,6350 Plumas Court,是,高价值客户
Cust-17425,男,31,本科,专业人员,20至30万,147****0114,是,caleb36@adventure-works.com,9410 Ferry St.,否,一般价值客户
Cust-17440,男,54,初中及其以下,普通工人,5万以下,178****0134,否,noah5@adventure-works.com,4214 Willbrook Court,否,高价值客户
Cust-17455,男,49,大专,普通工人,10至20万,133****0138,是,charles27@adventure-works.com,526 Oak Street,否,一般价值客户
Cust-17470,男,35,高中,普通工人,10至20万,130****0172,否,grant6@adventure-works.com,7259 Birchwood,否,高价值客户
Cust-17485,女,38,大专,普通工人,10至20万,180****0175,是,kevin50@adventure-works.com,5134 Oak Park Blvd,否,低价值客户
Cust-17500,女,51,本科,技术工人,20至30万,137****0168,是,seth67@adventure-works.com,1439 Springvale Court,否,一般价值客户
Cust-17515,女,43,硕士及其以上,公司白领,20至30万,177****0126,否,hannah32@adventure-works.com,5322 Mitchell Canyon Rd.,否,一般价值客户
Cust-17530,男,31,本科,公司白领,20至30万,173****0131,是,miranda17@adventure-works.com,8426 Easley Dr.,否,一般价值客户
Cust-17545,女,24,初中及其以下,普通工人,5万以下,136****0139,是,bonnie25@adventure-works.com,3836 Birchbark Place,否,高价值客户
Cust-17560,男,32,大专,普通工人,10至20万,150****0158,是,lawrence14@adventure-works.com,6957 Corte Poquito,否,一般价值客户
Cust-17575,女,60,本科,技术工人,20至30万,130****0198,是,orlando5@adventure-works.com,3350 Kingswood Circle,否,一般价值客户
Cust-17590,男,48,初中及其以下,管理人员,10至20万,182****0119,是,emma25@adventure-works.com,3173 Hilltop Dr.,否,高价值客户
Cust-17605,男,50,高中,普通工人,5至10万,183****0119,是,hunter51@adventure-works.com,845 Olive Ave,否,一般价值客户
Cust-17620,男,30,本科,技术工人,20至30万,151****0157,是,jasmine7@adventure-works.com,2813 A St.,否,一般价值客户
Cust-17635,女,66,高中,普通工人,5至10万,158****0117,是,ann23@adventure-works.com,4775 Imperial Dr.,是,高价值客户
Cust-17650,男,31,大专,普通工人,5万以下,166****0182,否,wendy12@adventure-works.com,8055 Shadow Falls Drive,否,高价值客户
Cust-17665,女,57,初中及其以下,普通工人,5万以下,131****0112,否,destiny26@adventure-works.com,6121 Pebble Glen Drive,否,高价值客户
Cust-17680,男,77,初中及其以下,普通工人,5万以下,185****0190,否,philip17@adventure-works.com,3924 Cactus Court,是,高价值客户
Cust-17695,男,32,本科,技术工人,20至30万,199****0118,否,colin8@adventure-works.com,9127 Pinnacle Drive,否,一般价值客户
Cust-17710,男,46,高中,普通工人,5至10万,199****0191,是,katelyn30@adventure-works.com,4363 Galindo Street,否,低价值客户
Cust-17725,男,47,初中及其以下,普通工人,5至10万,155****0161,是,hunter50@adventure-works.com,549 Via Appia,否,高价值客户
Cust-17740,男,41,高中,普通工人,5至10万,132****0139,否,tamara21@adventure-works.com,2944 North Main St.,否,高价值客户
Cust-17755,女,25,硕士及其以上,专业人员,30万以上,181****0111,否,jessica17@adventure-works.com,8459 Silver Oaks Place,否,高价值客户
Cust-17770,男,41,高中,普通工人,5至10万,175****0158,是,roy30@adventure-works.com,1394 Firestone,否,一般价值客户
Cust-17785,女,26,高中,普通工人,5至10万,166****0142,是,ruben35@adventure-works.com,3300 Country View Lane,否,高价值客户
Cust-17800,男,33,本科,技术工人,30万以上,176****0152,是,george25@adventure-works.com,3341 Riverside Dr.,否,一般价值客户
Cust-17815,女,23,大专,普通工人,10至20万,198****0111,是,ricky15@adventure-works.com,5834 Vloching Circle,否,一般价值客户
Cust-17830,男,58,初中及其以下,普通工人,5万以下,139****0133,否,cedric15@adventure-works.com,8869 C Olivera Rd,否,低价值客户
Cust-17845,女,64,高中,普通工人,5至10万,135****0192,是,willie31@adventure-works.com,9770 Fraga Court,是,一般价值客户
Cust-17860,女,54,本科,公司白领,20至30万,151****0120,是,daniel8@adventure-works.com,6214 Terra Drive,否,一般价值客户
Cust-17875,男,23,初中及其以下,管理人员,10至20万,176****0117,是,carson17@adventure-works.com,5831 Mountain View Place,否,高价值客户
Cust-17890,男,46,高中,普通工人,10至20万,180****0142,否,randy8@adventure-works.com,2472 Alexander Place,否,一般价值客户
Cust-17905,女,37,本科,公司白领,20至30万,130****0181,是,jill13@adventure-works.com,110 E. Watson Court,否,高价值客户
Cust-17920,男,42,高中,普通工人,5至10万,130****0111,是,ashlee18@adventure-works.com,5649 East 39th Street,否,低价值客户
Cust-17935,女,43,硕士及其以上,技术工人,30万以上,182****0148,否,mario0@adventure-works.com,1077 Willow Court,否,低价值客户
Cust-17950,女,48,高中,普通工人,5至10万,131****0124,否,ross15@adventure-works.com,6920 Merriewood Drive,否,高价值客户
Cust-17965,男,49,本科,公司白领,20至30万,187****0137,否,heidi19@adventure-works.com,1019 Kenwal Rd.,否,一般价值客户
Cust-17980,女,51,硕士及其以上,技术工人,20至30万,189****0120,是,ian12@adventure-works.com,6121 Monzeneda Way,否,一般价值客户
Cust-17995,男,51,大专,普通工人,10至20万,158****0151,是,katelyn26@adventure-works.com,4900 La Salle St.,否,一般价值客户
Cust-18010,男,50,大专,普通工人,10至20万,153****0134,是,jeremiah39@adventure-works.com,5205 Sunview Terrace,否,高价值客户
Cust-18025,男,47,大专,普通工人,5万以下,172****0114,否,janet12@adventure-works.com,5993 Baywood Drive,否,低价值客户
Cust-18040,男,50,初中及其以下,普通工人,5万以下,130****0144,是,candace12@adventure-works.com,2673 Peterson Place,否,高价值客户
Cust-18055,男,35,大专,普通工人,5至10万,189****0179,否,julia7@adventure-works.com,7748 Rambling Rose Ave,否,一般价值客户
Cust-18070,女,25,大专,普通工人,10至20万,136****0191,是,chad9@adventure-works.com,5010 Orange Street,否,高价值客户
Cust-18085,女,20,大专,普通工人,10至20万,145****0141,否,maurice11@adventure-works.com,4762 Heights Avenue,否,低价值客户
Cust-18100,男,27,硕士及其以上,技术工人,10至20万,178****0174,是,allison21@adventure-works.com,1536 Camino Verde Ct.,否,低价值客户
Cust-18115,女,44,初中及其以下,普通工人,10至20万,182****0120,否,jacqueline0@adventure-works.com,1739 Sun View Terr,否,低价值客户
Cust-18130,女,51,本科,专业人员,30万以上,135****0157,是,nina7@adventure-works.com,1463 El Verano,否,一般价值客户
Cust-18145,女,35,高中,普通工人,5至10万,131****0142,否,luis21@adventure-works.com,1949 Bay Court,否,高价值客户
Cust-18160,女,36,高中,普通工人,5至10万,156****0116,是,joseph21@adventure-works.com,8837 Via Appia,否,一般价值客户
Cust-18175,女,52,大专,普通工人,5至10万,185****0174,是,whitney15@adventure-works.com,4546 Fieldcrest Dr.,否,一般价值客户
Cust-18190,男,58,本科,公司白领,20至30万,153****0113,否,haley44@adventure-works.com,7801 Esperanza,否,低价值客户
Cust-18205,男,51,初中及其以下,普通工人,5万以下,150****0144,否,anne5@adventure-works.com,4831 Via Del Sol,否,一般价值客户
Cust-18220,男,32,大专,普通工人,5万以下,172****0125,否,elijah7@adventure-works.com,5805 Virginia Lane,否,一般价值客户
Cust-18235,男,29,本科,公司白领,30万以上,188****0125,否,johnathan5@adventure-works.com,3421 Gehringer Drive,否,高价值客户
Cust-18250,女,50,高中,普通工人,10至20万,159****0196,是,tyler11@adventure-works.com,3601 Greenbush Drive,否,低价值客户
Cust-18265,女,38,硕士及其以上,公司白领,20至30万,158****0179,是,lisa24@adventure-works.com,6711 Frayne Ct.,否,低价值客户
Cust-18280,女,32,本科,技术工人,20至30万,152****0138,否,brenda25@adventure-works.com,1697 Sunny Ave,否,低价值客户
Cust-18295,女,27,硕士及其以上,管理人员,30万以上,171****0187,是,jan11@adventure-works.com,2559 Gumwood,否,高价值客户
Cust-18310,男,51,初中及其以下,普通工人,5万以下,130****0144,是,sharon12@adventure-works.com,1809 Candellero Dr.,否,一般价值客户
Cust-18325,女,38,硕士及其以上,公司白领,20至30万,187****0134,是,orlando19@adventure-works.com,3277 Lakespring Pl.,否,高价值客户
Cust-18340,男,36,本科,专业人员,20至30万,175****0181,是,arturo33@adventure-works.com,4775 Kentucky Dr.,否,一般价值客户
Cust-18355,女,42,高中,普通工人,5至10万,138****0150,是,dylan28@adventure-works.com,4770 Blue Jay Drive,否,一般价值客户
Cust-18370,男,52,初中及其以下,普通工人,5至10万,166****0154,是,cassidy23@adventure-works.com,2583 Cypress Ave.,否,高价值客户
Cust-18385,男,34,本科,公司白领,30万以上,135****0181,否,emma40@adventure-works.com,485 Starlyn Dr.,否,高价值客户
Cust-18400,女,28,硕士及其以上,专业人员,20至30万,133****0199,是,amanda37@adventure-works.com,8969 Royal Links Ct.,否,一般价值客户
Cust-18415,男,37,初中及其以下,普通工人,5万以下,177****0182,是,megan39@adventure-works.com,5629 Tara St.,否,一般价值客户
Cust-18430,男,63,大专,普通工人,5万以下,173****0133,否,edward48@adventure-works.com,386 Woodpine,是,高价值客户
Cust-18445,女,42,高中,普通工人,5至10万,199****0115,否,katelyn45@adventure-works.com,6448 Castle Court,否,一般价值客户
Cust-18460,女,31,本科,专业人员,20至30万,183****0176,是,felicia16@adventure-works.com,4350 Mota Dr.,否,低价值客户
Cust-18475,男,32,高中,普通工人,5至10万,139****0199,否,samantha32@adventure-works.com,6217 W. Watson Court,否,高价值客户
Cust-18490,女,25,初中及其以下,普通工人,5万以下,198****0191,否,robert53@adventure-works.com,7039 Miwok Way,否,高价值客户
Cust-18505,女,26,高中,普通工人,5至10万,177****0183,否,erika0@adventure-works.com,873 Wellington Avenue,否,高价值客户
Cust-18520,女,33,高中,普通工人,5至10万,145****0128,是,christopher25@adventure-works.com,4334 Coastal Blvd.,否,低价值客户
Cust-18535,男,27,本科,技术工人,20至30万,133****0168,是,nathan26@adventure-works.com,217 Ram Circle,否,一般价值客户
Cust-18550,女,34,硕士及其以上,公司白领,20至30万,135****0185,否,ashley18@adventure-works.com,7496 Sunset Meadows,否,低价值客户
Cust-18565,男,39,高中,普通工人,10至20万,176****0142,是,katrina17@adventure-works.com,8623 Merry Circle,否,一般价值客户
Cust-18580,男,43,初中及其以下,普通工人,5万以下,183****0120,是,isabella25@adventure-works.com,8005 Ranchhand Court,否,一般价值客户
Cust-18595,男,30,本科,管理人员,20至30万,166****0139,否,christy12@adventure-works.com,2 Fall Creek Road,否,高价值客户
Cust-18610,女,35,大专,普通工人,5至10万,178****0113,否,amber4@adventure-works.com,8297 Dos Encinas,否,低价值客户
Cust-18625,男,48,初中及其以下,普通工人,5至10万,186****0193,是,jonathan35@adventure-works.com,3118 Creekside Drive,否,高价值客户
Cust-18640,男,48,高中,普通工人,5至10万,198****0164,是,sarah18@adventure-works.com,521 Hermosa,否,一般价值客户
Cust-18655,男,35,大专,普通工人,10至20万,137****0196,否,tristan12@adventure-works.com,1874 Royal Links Circle,否,一般价值客户
Cust-18670,男,44,大专,普通工人,5万以下,138****0130,是,caleb19@adventure-works.com,8117 Green View Court,否,低价值客户
Cust-18685,男,34,大专,普通工人,10至20万,183****0143,否,edward50@adventure-works.com,1308 Mt. Hood Circle,否,高价值客户
Cust-18700,女,29,大专,普通工人,10至20万,155****0160,否,jessie9@adventure-works.com,1154 Regina Lane,否,低价值客户
Cust-18715,男,46,本科,技术工人,20至30万,157****0144,否,david83@adventure-works.com,8083 Ridgewood Drive,否,一般价值客户
Cust-18730,男,44,高中,普通工人,5至10万,185****0158,是,chloe54@adventure-works.com,7914 H St.,否,一般价值客户
Cust-18745,女,29,大专,普通工人,5至10万,177****0185,否,theodore14@adventure-works.com,778 Kingsford Dr,否,高价值客户
Cust-18760,男,50,本科,公司白领,20至30万,172****0173,是,susan19@adventure-works.com,5126 La Corte Bonita,否,低价值客户
Cust-18775,女,50,高中,普通工人,5至10万,156****0181,否,briana12@adventure-works.com,7779 Lake Meadow Circle,否,一般价值客户
Cust-18790,男,35,大专,普通工人,10至20万,182****0164,是,alexis28@adventure-works.com,7711 Fieldcrest Dr.,否,低价值客户
Cust-18805,男,43,高中,普通工人,5至10万,136****0164,否,destiny5@adventure-works.com,9301 Eureka Lane,否,一般价值客户
Cust-18820,男,31,高中,普通工人,5至10万,198****0124,是,drew13@adventure-works.com,1016 Park Avenue,否,低价值客户
Cust-18835,女,28,大专,普通工人,5万以下,187****0167,否,tamara6@adventure-works.com,7346 Lion Circle,否,一般价值客户
Cust-18850,男,35,大专,普通工人,10至20万,181****0180,否,arthur41@adventure-works.com,7978 San Gabriel Dr.,否,一般价值客户
Cust-18865,男,44,硕士及其以上,技术工人,20至30万,151****0111,否,sydney16@adventure-works.com,7136 Almond Drive,否,低价值客户
Cust-18880,男,26,大专,普通工人,10至20万,137****0196,否,karla20@adventure-works.com,3154 Boxwood Dr.,否,一般价值客户
Cust-18895,男,28,大专,普通工人,5至10万,138****0179,是,luke28@adventure-works.com,7936 Hemlock Ave.,否,一般价值客户
Cust-18910,男,66,高中,普通工人,10至20万,180****0172,否,melinda5@adventure-works.com,6157 San Benito,是,低价值客户
Cust-18925,男,63,高中,普通工人,5至10万,151****0111,否,erick20@adventure-works.com,7173 Oak Creek Ct,是,一般价值客户
Cust-18940,女,22,大专,普通工人,5至10万,153****0163,是,james79@adventure-works.com,3629 Warren St.,否,高价值客户
Cust-18955,男,48,本科,公司白领,20至30万,137****0160,否,jasmine19@adventure-works.com,2131 Covington Court,否,高价值客户
Cust-18970,男,52,初中及其以下,普通工人,5万以下,158****0100,是,victoria26@adventure-works.com,230 Lavere Way,否,高价值客户
Cust-18985,男,54,大专,普通工人,10至20万,152****0184,否,jessica43@adventure-works.com,1987 Megan Dr.,否,一般价值客户
Cust-19000,男,57,高中,普通工人,5至10万,185****0125,否,devin44@adventure-works.com,5232 Black Point Pl.,否,一般价值客户
Cust-19015,男,33,本科,技术工人,20至30万,177****0140,否,sydney23@adventure-works.com,5878 East L Street,否,高价值客户
Cust-19030,女,36,初中及其以下,普通工人,5万以下,180****0144,是,devin33@adventure-works.com,5869 Heights Avenue,否,一般价值客户
Cust-19045,男,42,本科,专业人员,20至30万,135****0151,否,tamara27@adventure-works.com,1130 Fillet Ave.,否,低价值客户
Cust-19060,女,46,大专,普通工人,5至10万,156****0189,否,james80@adventure-works.com,5785 Ygnacio Valley Road,否,高价值客户
Cust-19075,男,46,硕士及其以上,专业人员,20至30万,139****0135,否,jackson15@adventure-works.com,9854 Martindale Drive,否,一般价值客户
Cust-19090,男,21,高中,普通工人,5万以下,166****0126,否,ethan20@adventure-works.com,7681 Willow Pass Road,否,一般价值客户
Cust-19105,女,33,初中及其以下,普通工人,5万以下,139****0124,是,gary25@adventure-works.com,2332 Treat Blvd,否,一般价值客户
Cust-19120,女,47,初中及其以下,普通工人,5万以下,151****0158,否,carol8@adventure-works.com,6189 Mt. McKinley Ct,否,高价值客户
Cust-19135,女,41,本科,专业人员,30万以上,177****0120,是,jacqueline23@adventure-works.com,1873 Mt. Whitney Dr,否,高价值客户
Cust-19150,男,59,高中,普通工人,5至10万,158****0150,否,chase13@adventure-works.com,5525 Lilly Lane,否,一般价值客户
Cust-19165,男,37,高中,普通工人,5至10万,186****0145,是,kenneth7@adventure-works.com,59 Lakewood Court,否,低价值客户
Cust-19180,男,62,初中及其以下,普通工人,5万以下,153****0113,否,dalton67@adventure-works.com,1996 Sand Pointe Lane,是,高价值客户
Cust-19195,男,34,大专,普通工人,10至20万,153****0139,是,edwin44@adventure-works.com,2702 North Ridge Dr.,否,一般价值客户
Cust-19210,女,35,高中,普通工人,5至10万,135****0135,是,alexandria33@adventure-works.com,9573 Royal Oak Rd.,否,低价值客户
Cust-19225,男,55,初中及其以下,普通工人,10至20万,181****0186,否,gabriel53@adventure-works.com,670 Echo Canyon Lane,否,高价值客户
Cust-19240,女,51,本科,专业人员,30万以上,157****0145,是,alexia7@adventure-works.com,6445 Cashew Street,否,一般价值客户
Cust-19255,女,39,初中及其以下,普通工人,5万以下,159****0190,否,claudia14@adventure-works.com,9652 Los Angeles,否,高价值客户
Cust-19270,女,37,本科,技术工人,30万以上,158****0175,是,devin32@adventure-works.com,9255 Westover Dr.,否,低价值客户
Cust-19285,女,68,初中及其以下,普通工人,5万以下,199****0160,是,dalton37@adventure-works.com,3519 Woodruff Lane,是,一般价值客户
Cust-19300,男,22,本科,专业人员,20至30万,149****0171,否,marcus14@adventure-works.com,3792 Esperanza Drive,否,高价值客户
Cust-19315,男,43,大专,普通工人,10至20万,199****0195,否,charles15@adventure-works.com,7739 Pineknoll,否,一般价值客户
Cust-19330,男,40,大专,普通工人,10至20万,178****0166,否,mayra9@adventure-works.com,3829 Cardinal Drive,否,高价值客户
Cust-19345,女,33,初中及其以下,普通工人,5万以下,151****0155,否,dalton76@adventure-works.com,9168 Wellington Ct.,否,一般价值客户
Cust-19360,女,58,初中及其以下,普通工人,5万以下,153****0152,否,gary31@adventure-works.com,2088 Amanda Circle,否,低价值客户
Cust-19375,女,45,大专,普通工人,10至20万,182****0120,是,cindy19@adventure-works.com,8352 Turning View Cricle Drive,否,低价值客户
Cust-19390,女,50,本科,技术工人,20至30万,198****0184,是,tiffany3@adventure-works.com,4794 Cowell Road,否,高价值客户
Cust-19405,男,29,高中,普通工人,10至20万,155****0128,是,luke18@adventure-works.com,5569 Hummingbird Ct.,否,一般价值客户
Cust-19420,女,54,本科,专业人员,20至30万,159****0137,否,noah2@adventure-works.com,6539 Greenwood Circle,否,高价值客户
Cust-19435,男,75,初中及其以下,普通工人,5至10万,173****0131,否,max5@adventure-works.com,4475 Terra Calitina,是,低价值客户
Cust-19450,女,22,大专,普通工人,5至10万,184****0112,是,crystal17@adventure-works.com,6516 Beauer Lane,否,低价值客户
Cust-19465,男,46,大专,普通工人,5至10万,147****0195,否,devin35@adventure-works.com,8827 Bidwell Street,否,一般价值客户
Cust-19480,女,40,本科,公司白领,20至30万,187****0179,否,orlando18@adventure-works.com,595 Clayton Rd.,否,一般价值客户
Cust-19495,女,32,初中及其以下,普通工人,5万以下,132****0119,是,justin48@adventure-works.com,4188 Green Valley Road,否,一般价值客户
Cust-19510,男,42,大专,普通工人,5至10万,131****0145,是,marshall35@adventure-works.com,5277 Steven Way,否,低价值客户
Cust-19525,女,64,大专,普通工人,10至20万,182****0163,否,caleb14@adventure-works.com,1549 Wildewood Dr,是,一般价值客户
Cust-19540,女,26,本科,公司白领,20至30万,171****0164,否,cheryl4@adventure-works.com,764 Quail Court,否,一般价值客户
Cust-19555,女,23,本科,技术工人,20至30万,176****0187,是,tiffany17@adventure-works.com,1046 Cloverleaf Circle,否,一般价值客户
Cust-19570,女,64,初中及其以下,普通工人,5万以下,156****0199,是,gilbert11@adventure-works.com,1093 Gatter Court,是,一般价值客户
Cust-19585,女,34,大专,普通工人,10至20万,139****0170,否,mathew17@adventure-works.com,923 Woodbury Place,否,一般价值客户
Cust-19600,女,45,大专,普通工人,10至20万,187****0199,否,tasha1@adventure-works.com,5477 Limewood Place,否,高价值客户
Cust-19615,男,41,本科,公司白领,20至30万,180****0112,否,marcus34@adventure-works.com,3483 Flamingo Drive,否,一般价值客户
Cust-19630,男,43,大专,普通工人,10至20万,175****0163,否,erika7@adventure-works.com,1207 Concerto Circle,否,低价值客户
Cust-19645,女,69,大专,普通工人,5至10万,135****0155,否,amanda58@adventure-works.com,5305 Cowell Road,是,低价值客户
Cust-19660,女,29,硕士及其以上,技术工人,30万以上,150****0171,是,andrew27@adventure-works.com,105 Woodruff Ln.,否,一般价值客户
Cust-19675,男,40,高中,普通工人,5至10万,135****0190,否,erick5@adventure-works.com,4343 Cook Street,否,一般价值客户
Cust-19690,女,25,高中,普通工人,5至10万,171****0156,是,logan64@adventure-works.com,2639 Parkview Court,否,一般价值客户
Cust-19705,女,25,硕士及其以上,公司白领,20至30万,130****0149,是,meredith11@adventure-works.com,3223 White Dr.,否,一般价值客户
Cust-19720,男,36,硕士及其以上,技术工人,10至20万,157****0122,否,jasmine46@adventure-works.com,4855 James Court,否,高价值客户
Cust-19735,男,26,初中及其以下,普通工人,5万以下,135****0128,否,carrie19@adventure-works.com,551 Rainier Dr,否,一般价值客户
Cust-19750,女,52,初中及其以下,普通工人,5万以下,171****0159,是,bonnie17@adventure-works.com,4932 La Jolla,否,一般价值客户
Cust-19765,男,47,高中,普通工人,5至10万,136****0192,否,melody3@adventure-works.com,8175 Tri-state Ave.,否,高价值客户
Cust-19780,男,31,初中及其以下,普通工人,5万以下,131****0128,否,alvin20@adventure-works.com,5719 A St.,否,一般价值客户
Cust-19795,男,46,硕士及其以上,技术工人,30万以上,199****0118,否,jill6@adventure-works.com,3127 Terrace,否,低价值客户
Cust-19810,男,38,大专,普通工人,10至20万,156****0131,是,eduardo13@adventure-works.com,5609 Huron Dr,否,一般价值客户
Cust-19825,男,22,本科,公司白领,30万以上,173****0174,否,grace52@adventure-works.com,5899 Mt. Wilson Place,否,一般价值客户
Cust-19840,男,33,高中,普通工人,5至10万,171****0190,否,arturo14@adventure-works.com,8005 Ranchhand Court,否,一般价值客户
Cust-19855,女,24,本科,管理人员,20至30万,137****0142,是,jeremy26@adventure-works.com,420 Royal Links Circle,否,一般价值客户
Cust-19870,女,61,初中及其以下,普通工人,5至10万,189****0117,否,devin40@adventure-works.com,9123 James Donlon Blvd,是,低价值客户
Cust-19885,女,25,高中,普通工人,5至10万,182****0172,否,jon35@adventure-works.com,891 Thornwood Dr.,否,一般价值客户
Cust-19900,女,41,高中,普通工人,5至10万,184****0152,否,nicole23@adventure-works.com,1747 Corte Segundo,否,低价值客户
Cust-19915,男,36,初中及其以下,普通工人,10至20万,181****0156,是,kimberly14@adventure-works.com,4790 Curletto Drive,否,低价值客户
Cust-19930,女,69,大专,普通工人,10至20万,181****0119,是,dennis25@adventure-works.com,2761 Clyde Street,是,一般价值客户
Cust-19945,女,61,大专,普通工人,10至20万,166****0181,是,tonya14@adventure-works.com,509 Lynwood Drive,否,一般价值客户
Cust-19960,女,25,硕士及其以上,技术工人,20至30万,172****0118,否,kristin14@adventure-works.com,9365 G St.,否,低价值客户
Cust-19975,男,60,高中,管理人员,5至10万,180****0177,否,julia63@adventure-works.com,5120 La Canada,否,一般价值客户
Cust-19990,男,48,本科,公司白领,20至30万,178****0160,是,josé54@adventure-works.com,6393 Tuolumne Way,否,一般价值客户
Cust-20005,女,19,高中,普通工人,5至10万,135****0132,否,andrés18@adventure-works.com,2617 Melody Drive,否,高价值客户
Cust-20020,男,43,本科,公司白领,20至30万,176****0142,是,melody7@adventure-works.com,7086 C Wharton Way,否,一般价值客户
Cust-20035,男,35,高中,普通工人,5至10万,166****0136,是,destiny43@adventure-works.com,4071 Hames Dr.,否,一般价值客户
Cust-20065,男,61,本科,公司白领,20至30万,137****0198,是,calvin13@adventure-works.com,934 St. Paul Way,否,高价值客户
Cust-20080,男,31,初中及其以下,普通工人,5万以下,172****0147,是,christian26@adventure-works.com,642 Country View Lane,否,一般价值客户
Cust-20095,女,51,高中,普通工人,5至10万,159****0183,是,kristopher12@adventure-works.com,7682 Alta Vista,否,高价值客户
Cust-20110,男,60,高中,普通工人,5至10万,184****0159,否,stanley5@adventure-works.com,9021 Onley Dr,否,高价值客户
Cust-20125,女,46,高中,普通工人,10至20万,138****0127,是,elijah20@adventure-works.com,3192 Shore Rd.,否,一般价值客户
Cust-20140,男,22,本科,专业人员,20至30万,131****0160,是,sheena13@adventure-works.com,6654 Shelly Dr.,否,一般价值客户
Cust-20155,男,43,大专,普通工人,10至20万,132****0142,否,april18@adventure-works.com,2802 Clayton Way,否,高价值客户
Cust-20170,男,41,大专,普通工人,10至20万,159****0116,否,jasmine22@adventure-works.com,9108 San Miguel Drive,否,一般价值客户
Cust-20185,女,31,初中及其以下,普通工人,5万以下,180****0111,是,savannah39@adventure-works.com,1147 Mellowood Street,否,高价值客户
Cust-20200,女,63,初中及其以下,管理人员,5万以下,183****0134,否,felicia20@adventure-works.com,2071 Babbe Street,是,一般价值客户
Cust-20215,男,57,初中及其以下,普通工人,5万以下,175****0159,是,daniel18@adventure-works.com,1936 Balance Ct,否,一般价值客户
Cust-20230,男,56,大专,普通工人,5万以下,130****0156,否,christy34@adventure-works.com,9497 Richard Ave.,否,高价值客户
Cust-20245,女,25,初中及其以下,普通工人,5万以下,189****0114,是,elizabeth11@adventure-works.com,21 Red Tree Way,否,一般价值客户
Cust-20260,男,54,大专,普通工人,10至20万,145****0193,是,samuel33@adventure-works.com,1751 Joan Ave.,否,高价值客户
Cust-20275,女,32,本科,专业人员,30万以上,186****0150,否,karl11@adventure-works.com,4179 Maureen Lane,否,高价值客户
Cust-20290,女,69,大专,普通工人,10至20万,198****0157,是,katrina8@adventure-works.com,8998 Adobe Drive,是,一般价值客户
Cust-20305,男,41,本科,公司白领,20至30万,185****0115,是,lauren64@adventure-works.com,9684 Rahn Court,否,低价值客户
Cust-20320,女,35,高中,普通工人,5至10万,138****0169,是,savannah18@adventure-works.com,2904 El Pueblo Pl.,否,低价值客户
Cust-20335,女,41,本科,公司白领,20至30万,159****0128,否,jason18@adventure-works.com,9082 Rolling Green Circle,否,高价值客户
Cust-20350,男,55,大专,普通工人,10至20万,135****0115,是,robin2@adventure-works.com,2845 La Vista Avenue,否,高价值客户
Cust-20365,男,50,本科,技术工人,20至30万,132****0118,否,catherine16@adventure-works.com,1716 Rosewood Dr,否,一般价值客户
Cust-20380,女,52,大专,普通工人,10至20万,176****0136,否,kari3@adventure-works.com,6132 Providence Dr.,否,一般价值客户
Cust-20395,男,32,初中及其以下,普通工人,10至20万,145****0118,是,troy5@adventure-works.com,7230 Berrellesa Street,否,高价值客户
Cust-20410,女,35,高中,普通工人,5至10万,181****0172,否,latasha21@adventure-works.com,9203 Birch Bark Dr.,否,一般价值客户
Cust-20440,男,20,高中,普通工人,10至20万,132****0149,否,destiny33@adventure-works.com,920 Holiday Hills Drive,否,一般价值客户
Cust-20455,女,47,初中及其以下,普通工人,5万以下,132****0197,是,seth26@adventure-works.com,1387 Dias Circle,否,高价值客户
Cust-20470,男,55,高中,普通工人,5至10万,131****0119,否,kristi27@adventure-works.com,8483 Wilke Drive,否,一般价值客户
Cust-20485,女,54,高中,普通工人,10至20万,151****0117,否,madison9@adventure-works.com,1990 Bridge,否,高价值客户
Cust-20500,男,58,高中,普通工人,5至10万,180****0144,否,jordan2@adventure-works.com,935 Rheem Drive,否,低价值客户
Cust-20515,男,39,高中,普通工人,5至10万,187****0165,否,sarah14@adventure-works.com,6949 Brookview Drive,否,一般价值客户
Cust-20530,女,45,初中及其以下,普通工人,10至20万,145****0134,否,ivan3@adventure-works.com,2540 Waterview Place,否,高价值客户
Cust-20545,女,31,大专,普通工人,5至10万,155****0120,否,virginia21@adventure-works.com,3994 Sucamore Drive,否,低价值客户
Cust-20560,女,48,初中及其以下,普通工人,5万以下,199****0139,否,isabella56@adventure-works.com,8725 San Benito Drive,否,一般价值客户
Cust-20575,女,51,本科,专业人员,20至30万,186****0117,是,ian62@adventure-works.com,4700 Bancroft Rd.,否,低价值客户
Cust-20590,女,56,初中及其以下,普通工人,5万以下,184****0170,否,jan18@adventure-works.com,8094 Roxbury Drive,否,一般价值客户
Cust-20605,男,34,硕士及其以上,公司白领,20至30万,183****0193,是,jerome8@adventure-works.com,2524 Coggins Drive,否,一般价值客户
Cust-20620,女,50,高中,普通工人,10至20万,139****0115,是,allison31@adventure-works.com,380 Canyon Road,否,高价值客户
Cust-20635,女,52,初中及其以下,管理人员,5万以下,166****0193,是,dustin16@adventure-works.com,706 Petarct,否,一般价值客户
Cust-20650,女,32,本科,专业人员,20至30万,188****0155,否,clinton14@adventure-works.com,6809 El Capitan Lane,否,一般价值客户
Cust-20665,男,50,高中,普通工人,5至10万,147****0112,否,crystal3@adventure-works.com,3106 Julpum Loop,否,一般价值客户
Cust-20680,女,45,高中,普通工人,5至10万,136****0182,是,cheryl24@adventure-works.com,8432 Sierra Madre,否,低价值客户
Cust-20695,女,51,硕士及其以上,技术工人,30万以上,155****0115,是,maria53@adventure-works.com,9478 Rheem Dr.,否,一般价值客户
Cust-20710,男,43,高中,普通工人,10至20万,176****0163,是,morgan48@adventure-works.com,8582 San Jose Ave.,否,低价值客户
Cust-20725,女,21,大专,普通工人,5至10万,178****0164,否,chloe27@adventure-works.com,4594 Hill Drive,否,高价值客户
Cust-20740,女,33,本科,专业人员,30万以上,132****0148,否,chloe4@adventure-works.com,7207 Peabody Road,否,高价值客户
Cust-20755,男,35,硕士及其以上,技术工人,30万以上,184****0199,否,damien32@adventure-works.com,3582 Juliet Court,否,一般价值客户
Cust-20770,男,42,初中及其以下,普通工人,5至10万,138****0118,否,clarence36@adventure-works.com,2595 Worth Ct.,否,低价值客户
Cust-20785,女,52,初中及其以下,普通工人,10至20万,132****0154,是,tyler9@adventure-works.com,6020 Regency Dr.,否,一般价值客户
Cust-20800,女,41,本科,公司白领,30万以上,166****0139,是,erika18@adventure-works.com,2216 Blue Ridge Dr.,否,一般价值客户
Cust-20815,女,51,大专,普通工人,5至10万,139****0189,是,jada14@adventure-works.com,5615 Rock Oak Road,否,一般价值客户
Cust-20830,女,63,初中及其以下,普通工人,5万以下,198****0194,是,seth46@adventure-works.com,5186 Oeffler Ln.,是,一般价值客户
Cust-20845,女,48,高中,普通工人,5至10万,153****0154,是,chloe40@adventure-works.com,8162 Olympic Dr.,否,一般价值客户
Cust-20860,男,22,高中,普通工人,5至10万,147****0110,是,alejandro45@adventure-works.com,5460 Kipling Court,否,一般价值客户
Cust-20875,女,44,本科,专业人员,20至30万,178****0192,否,nancy13@adventure-works.com,6827 Glaze Dr.,否,低价值客户
Cust-20890,女,19,高中,普通工人,5至10万,133****0132,否,xavier51@adventure-works.com,6509 California Street,否,高价值客户
Cust-20905,男,33,本科,专业人员,20至30万,184****0129,是,ashley31@adventure-works.com,6345 Dartmouth Way,否,一般价值客户
Cust-20920,男,28,本科,公司白领,30万以上,131****0175,是,frank17@adventure-works.com,500 Rockledge Lane,否,一般价值客户
Cust-20935,女,30,高中,普通工人,5至10万,187****0119,否,brianna57@adventure-works.com,3647 San Miguel Road,否,一般价值客户
Cust-20950,男,24,初中及其以下,管理人员,5万以下,157****0121,是,jessica54@adventure-works.com,8222 Northridge Road,否,高价值客户
Cust-20965,女,42,大专,管理人员,5至10万,198****0128,否,hunter64@adventure-works.com,2038 Encino Drive,否,一般价值客户
Cust-20980,男,28,高中,普通工人,5至10万,183****0134,是,dominique7@adventure-works.com,613 Glen Wood Drive,否,高价值客户
Cust-20995,男,41,初中及其以下,管理人员,5万以下,158****0118,是,stacy6@adventure-works.com,521 Hermosa,否,低价值客户
Cust-21010,女,40,高中,普通工人,5至10万,172****0175,否,emily27@adventure-works.com,389 Alamo Way,否,低价值客户
Cust-21025,男,44,大专,普通工人,5至10万,131****0128,否,clarence32@adventure-works.com,9473 Wawona Lane,否,一般价值客户
Cust-21040,女,35,初中及其以下,普通工人,5万以下,171****0116,是,claudia7@adventure-works.com,4852 Chaparral Court,否,高价值客户
Cust-21055,女,65,大专,普通工人,10至20万,189****0141,是,melissa40@adventure-works.com,5288 Carletto Drive,是,一般价值客户
Cust-21070,男,43,高中,普通工人,5至10万,173****0150,是,madison13@adventure-works.com,1295 Fabian Way,否,低价值客户
Cust-21085,女,40,本科,技术工人,20至30万,151****0166,否,shaun16@adventure-works.com,8714 St. Paul Way,否,高价值客户
Cust-21100,男,42,本科,技术工人,20至30万,159****0170,否,logan33@adventure-works.com,207 Barquentine Court,否,一般价值客户
Cust-21115,男,25,本科,公司白领,30万以上,153****0178,是,alan23@adventure-works.com,1936 Bayberry Drive,否,高价值客户
Cust-21130,男,23,高中,普通工人,10至20万,135****0163,否,latasha10@adventure-works.com,831 Valley Crest Dr.,否,高价值客户
Cust-21145,女,37,高中,普通工人,10至20万,189****0199,是,ross32@adventure-works.com,8746 Gonzalez Ct,否,低价值客户
Cust-21160,男,37,硕士及其以上,专业人员,10至20万,180****0134,是,jasmine48@adventure-works.com,3219 Sandra Circle,否,一般价值客户
Cust-21175,男,43,高中,普通工人,5至10万,172****0127,否,dakota3@adventure-works.com,420 Royal Links Circle,否,高价值客户
Cust-21190,女,33,本科,公司白领,20至30万,150****0193,是,shannon6@adventure-works.com,564 Greenwood Place,否,低价值客户
Cust-21205,女,27,高中,普通工人,5至10万,173****0176,是,alan24@adventure-works.com,4896 Village Pl.,否,低价值客户
Cust-21220,男,54,高中,普通工人,5至10万,152****0144,否,ian82@adventure-works.com,9563 Pennsylvania Blvd.,否,低价值客户
Cust-21235,男,61,高中,普通工人,5至10万,187****0114,是,adrienne1@adventure-works.com,287 D Bel Air Dr.,否,一般价值客户
Cust-21250,女,42,高中,普通工人,5至10万,182****0117,是,jasmine43@adventure-works.com,8634 Mi Casa Court,否,一般价值客户
Cust-21265,男,54,初中及其以下,普通工人,5万以下,166****0130,否,blake32@adventure-works.com,2767 Seaview Dr.,否,一般价值客户
Cust-21280,男,34,初中及其以下,普通工人,5万以下,199****0114,是,rob4@adventure-works.com,1885 Riverside Drive,否,高价值客户
Cust-21295,男,54,初中及其以下,普通工人,5万以下,131****0176,是,veronica9@adventure-works.com,7221 Peachwillow Street,否,一般价值客户
Cust-21310,男,31,本科,公司白领,20至30万,136****0196,是,megan28@adventure-works.com,9537 Ridgewood Drive,否,一般价值客户
Cust-21325,男,25,本科,技术工人,20至30万,136****0177,是,heidi15@adventure-works.com,1585 Larkspur,否,低价值客户
Cust-21340,女,47,初中及其以下,普通工人,5至10万,149****0116,是,jenna14@adventure-works.com,2115 Pasado,否,高价值客户
Cust-21355,男,36,硕士及其以上,技术工人,20至30万,131****0127,否,jennifer93@adventure-works.com,7013 St. Raphael Drive,否,一般价值客户
Cust-21370,男,28,硕士及其以上,技术工人,10至20万,136****0144,否,elizabeth19@adventure-works.com,5454 Old Mt. View Drive,否,低价值客户
Cust-21385,女,34,初中及其以下,普通工人,5至10万,130****0145,是,kyle19@adventure-works.com,7537 Kaski Lane,否,低价值客户
Cust-21400,男,64,高中,普通工人,5至10万,147****0129,是,kaitlyn29@adventure-works.com,239 Stephanie Way,是,一般价值客户
Cust-21415,女,46,高中,普通工人,5至10万,189****0160,否,hailey12@adventure-works.com,5134 Red Leaf,否,高价值客户
Cust-21430,女,46,本科,专业人员,20至30万,138****0149,是,julio23@adventure-works.com,4666 Lancelot Drive,否,低价值客户
Cust-21445,女,31,初中及其以下,普通工人,5万以下,177****0151,否,shannon38@adventure-works.com,9327 Roland Drive,否,高价值客户
Cust-21460,女,23,高中,普通工人,5至10万,152****0162,是,shelby19@adventure-works.com,5816 Camacho,否,一般价值客户
Cust-21475,男,34,大专,普通工人,10至20万,132****0198,否,hunter16@adventure-works.com,6221 Steven Way,否,低价值客户
Cust-21490,女,37,大专,普通工人,5万以下,171****0175,否,jimmy26@adventure-works.com,5694 C Del Rio Circle,否,高价值客户
Cust-21505,男,41,高中,普通工人,5至10万,172****0174,是,joseph23@adventure-works.com,5509 Newcastle Road,否,一般价值客户
Cust-21520,女,37,大专,普通工人,10至20万,149****0147,否,nathan3@adventure-works.com,8564 Hickory Drive,否,一般价值客户
Cust-21535,男,34,高中,普通工人,10至20万,184****0150,否,brianna30@adventure-works.com,1908 Petarct,否,高价值客户
Cust-21550,女,44,初中及其以下,普通工人,5万以下,138****0125,是,russell7@adventure-works.com,3977 Central Avenue,否,高价值客户
Cust-21565,男,30,初中及其以下,普通工人,5至10万,187****0193,是,erin7@adventure-works.com,8496 La Salle Ct.,否,高价值客户
Cust-21580,男,33,初中及其以下,普通工人,5万以下,184****0164,是,lauren24@adventure-works.com,5361 Hungry Road,否,一般价值客户
Cust-21595,女,46,大专,普通工人,5至10万,136****0130,是,ana19@adventure-works.com,1289 Quigley St.,否,一般价值客户
Cust-21610,女,32,本科,专业人员,30万以上,150****0116,否,kevin16@adventure-works.com,4137 Garcia Ranch Road,否,低价值客户
Cust-21625,男,28,大专,普通工人,10至20万,151****0187,是,meghan3@adventure-works.com,8403 Reality Drive,否,低价值客户
Cust-21640,女,40,高中,普通工人,5至10万,156****0190,否,colleen16@adventure-works.com,3181 Hacienda,否,高价值客户
Cust-21655,女,46,高中,普通工人,5至10万,133****0178,否,ashlee19@adventure-works.com,7318 Lavene Way,否,高价值客户
Cust-21670,女,45,初中及其以下,管理人员,5万以下,188****0149,是,nicole9@adventure-works.com,505 Lyman Rd,否,高价值客户
Cust-21685,女,29,高中,普通工人,5至10万,130****0112,是,xavier76@adventure-works.com,8660 San Vincente Drive,否,一般价值客户
Cust-21700,女,39,本科,技术工人,30万以上,151****0188,否,fernando55@adventure-works.com,1624 Carlisle Way,否,一般价值客户
Cust-21715,男,48,初中及其以下,普通工人,5万以下,178****0118,是,alejandro30@adventure-works.com,3919 Bayview Circle,否,一般价值客户
Cust-21730,女,52,大专,普通工人,5至10万,159****0191,否,darrell4@adventure-works.com,9396 Viera Avenue,否,一般价值客户
Cust-21745,男,66,大专,普通工人,5至10万,152****0163,是,jacqueline1@adventure-works.com,732 East 87th Street,是,一般价值客户
Cust-21760,女,24,初中及其以下,普通工人,10至20万,176****0176,否,nicholas19@adventure-works.com,892 Southbrook Drive,否,一般价值客户
Cust-21775,女,60,初中及其以下,普通工人,5万以下,136****0185,否,rachael5@adventure-works.com,8935 Etcheverry Dr.,否,一般价值客户
Cust-21790,女,45,硕士及其以上,技术工人,20至30万,137****0166,是,alexia13@adventure-works.com,5697 Jacqueline Way,否,一般价值客户
Cust-21805,男,38,高中,普通工人,5至10万,178****0190,否,diana2@adventure-works.com,3783 Terra Calitina,否,一般价值客户
Cust-21820,女,37,本科,专业人员,20至30万,151****0180,是,cameron39@adventure-works.com,6538 Camelback Road,否,低价值客户
Cust-21835,女,42,本科,管理人员,30万以上,175****0149,是,sydney78@adventure-works.com,2957 Tri-state Avenue,否,高价值客户
Cust-21850,男,37,本科,专业人员,20至30万,138****0141,否,april1@adventure-works.com,77 Birchwood,否,高价值客户
Cust-21865,女,29,高中,普通工人,5至10万,177****0171,是,katherine88@adventure-works.com,8245 Pinehurst Court,否,低价值客户
Cust-21880,女,37,高中,普通工人,5至10万,177****0166,是,bethany10@adventure-works.com,1080 Crestwood Circle,否,高价值客户
Cust-21895,男,27,大专,普通工人,5万以下,130****0128,是,abby4@adventure-works.com,7834 Roux Court,否,低价值客户
Cust-21910,女,47,本科,管理人员,30万以上,152****0148,是,ariana5@adventure-works.com,3792 Westwood Ct.,否,一般价值客户
Cust-21925,男,61,高中,普通工人,5至10万,181****0178,否,lucas10@adventure-works.com,7901 Moccasin Ct.,否,高价值客户
Cust-10615,女,63,高中,普通工人,5至10万,185****0168,否,vincent21@adventure-works.com,4059 High Street,是,一般价值客户
